[
{
  "model": "contenttypes.contenttype",
  "fields": {
    "app_label": "admin",
    "model": "logentry"
  }
},
{
  "model": "contenttypes.contenttype",
  "fields": {
    "app_label": "auth",
    "model": "permission"
  }
},
{
  "model": "contenttypes.contenttype",
  "fields": {
    "app_label": "auth",
    "model": "group"
  }
},
{
  "model": "contenttypes.contenttype",
  "fields": {
    "app_label": "auth",
    "model": "user"
  }
},
{
  "model": "contenttypes.contenttype",
  "fields": {
    "app_label": "contenttypes",
    "model": "contenttype"
  }
},
{
  "model": "contenttypes.contenttype",
  "fields": {
    "app_label": "sessions",
    "model": "session"
  }
},
{
  "model": "contenttypes.contenttype",
  "fields": {
    "app_label": "plan_visual_django",
    "model": "color"
  }
},
{
  "model": "contenttypes.contenttype",
  "fields": {
    "app_label": "plan_visual_django",
    "model": "font"
  }
},
{
  "model": "contenttypes.contenttype",
  "fields": {
    "app_label": "plan_visual_django",
    "model": "plan"
  }
},
{
  "model": "contenttypes.contenttype",
  "fields": {
    "app_label": "plan_visual_django",
    "model": "planvisual"
  }
},
{
  "model": "contenttypes.contenttype",
  "fields": {
    "app_label": "plan_visual_django",
    "model": "plotableshape"
  }
},
{
  "model": "contenttypes.contenttype",
  "fields": {
    "app_label": "plan_visual_django",
    "model": "plotableshapetype"
  }
},
{
  "model": "contenttypes.contenttype",
  "fields": {
    "app_label": "plan_visual_django",
    "model": "plotablestyle"
  }
},
{
  "model": "contenttypes.contenttype",
  "fields": {
    "app_label": "plan_visual_django",
    "model": "swimlaneforvisual"
  }
},
{
  "model": "contenttypes.contenttype",
  "fields": {
    "app_label": "plan_visual_django",
    "model": "visualactivity"
  }
},
{
  "model": "contenttypes.contenttype",
  "fields": {
    "app_label": "plan_visual_django",
    "model": "plotableshapeattributesrectangle"
  }
},
{
  "model": "contenttypes.contenttype",
  "fields": {
    "app_label": "plan_visual_django",
    "model": "plotableshapeattributesdiamond"
  }
},
{
  "model": "contenttypes.contenttype",
  "fields": {
    "app_label": "plan_visual_django",
    "model": "planactivity"
  }
},
{
  "model": "contenttypes.contenttype",
  "fields": {
    "app_label": "plan_visual_django",
    "model": "timelineforvisual"
  }
},
{
  "model": "contenttypes.contenttype",
  "fields": {
    "app_label": "plan_visual_django",
    "model": "staticcontent"
  }
},
{
  "model": "contenttypes.contenttype",
  "fields": {
    "app_label": "plan_visual_django",
    "model": "customuser"
  }
},
{
  "model": "sessions.session",
  "pk": "04o3hklou9ph5bh5un0pce9e8b1qykin",
  "fields": {
    "session_data": ".eJxVjEEOwiAQRe_C2pACYgeX7j0DGWYYqRpISrsy3l2bdKHb_977LxVxXUpce57jxOqsrDr8bgnpkesG-I711jS1usxT0puid9r1tXF-Xnb376BgL99azMBukKMD40xwBG70mDw6AU4nCpDZErCIN94yjTYIWOAgGQwjkXp_AN8pOHY:1stlp8:ej-0o9oiRfJBNWQfjvwdaCU5ScMsaBEmue9zyOGBswE",
    "expire_date": "2024-10-10T10:34:14.934Z"
  }
},
{
  "model": "sessions.session",
  "pk": "28umfqot3ntu656xoscptnjjxrzm82n1",
  "fields": {
    "session_data": ".eJxVjEEOwiAQRe_C2hCgDDgu3fcMZIBBqoYmpV0Z765NutDtf-_9lwi0rTVsnZcwZXERRpx-t0jpwW0H-U7tNss0t3WZotwVedAuxznz83q4fweVev3WqLgUi1C0N2dIDh1FBDac9GDRAGpQPHjMitBrdsZbNjpHFW1BVCDeH8qjNv0:1sGevm:Fk2POD9-OjxiGw1j2KNU0meuFDVrAbWiLfhnJdhXwCQ",
    "expire_date": "2024-06-24T13:19:26.358Z"
  }
},
{
  "model": "sessions.session",
  "pk": "4e6mm67ebhpsrlplvinqxbo54i09cw3u",
  "fields": {
    "session_data": ".eJxVjEEOwiAQRe_C2hCgDDgu3fcMZIBBqoYmpV0Z765NutDtf-_9lwi0rTVsnZcwZXERRpx-t0jpwW0H-U7tNss0t3WZotwVedAuxznz83q4fweVev3WqLgUi1C0N2dIDh1FBDac9GDRAGpQPHjMitBrdsZbNjpHFW1BVCDeH8qjNv0:1ries8:_Cvic5cJ0ZWgE3OdR-QWAXHX8a40pMdtx0xyWmjPqeo",
    "expire_date": "2024-03-22T18:23:08.529Z"
  }
},
{
  "model": "sessions.session",
  "pk": "4q37eet49iw6jeu4a31xnf3zgpha5owf",
  "fields": {
    "session_data": ".eJxVjEEOwiAQRe_C2pACYgeX7j0DGWYYqRpISrsy3l2bdKHb_977LxVxXUpce57jxOqsrDr8bgnpkesG-I711jS1usxT0puid9r1tXF-Xnb376BgL99azMBukKMD40xwBG70mDw6AU4nCpDZErCIN94yjTYIWOAgGQwjkXp_AN8pOHY:1szcb2:IOAjVsWGj_lJm7zZ3DPmzjtw55Fpus6z3jCj0Al4sAQ",
    "expire_date": "2024-10-26T13:55:52.574Z"
  }
},
{
  "model": "sessions.session",
  "pk": "7oswtc15wgb1kgljlf8uagwz2dt0pesv",
  "fields": {
    "session_data": ".eJxVjEEOwiAQRe_C2hCgDDgu3fcMZIBBqoYmpV0Z765NutDtf-_9lwi0rTVsnZcwZXERRpx-t0jpwW0H-U7tNss0t3WZotwVedAuxznz83q4fweVev3WqLgUi1C0N2dIDh1FBDac9GDRAGpQPHjMitBrdsZbNjpHFW1BVCDeH8qjNv0:1sGKse:IKvjISJ-aI4dvkcm7cf_PriCwmuKPczfC4Hi66FYBVI",
    "expire_date": "2024-06-23T15:54:52.209Z"
  }
},
{
  "model": "sessions.session",
  "pk": "7ukpymtatxmt734atq8p65gzdqattb3b",
  "fields": {
    "session_data": ".eJxVjEEOwiAQRe_C2hCgDDgu3fcMZIBBqoYmpV0Z765NutDtf-_9lwi0rTVsnZcwZXERRpx-t0jpwW0H-U7tNss0t3WZotwVedAuxznz83q4fweVev3WqLgUi1C0N2dIDh1FBDac9GDRAGpQPHjMitBrdsZbNjpHFW1BVCDeH8qjNv0:1rRXYC:EDh3MNrF991JqaBXxB0nkpmuJg4zhyQIGX4NB1ifTKw",
    "expire_date": "2024-02-04T13:07:48.417Z"
  }
},
{
  "model": "sessions.session",
  "pk": "9a0wh3bt7f56xmrba7i0fa42yjm9s67v",
  "fields": {
    "session_data": ".eJxVjEEOwiAUBe_C2hBpoYhL956BvP8BqRpISrsy3l1JutDtm5n3Eh7bmv3W4uLnIM5Ci8PvRuBHLB2EO8qtSq5lXWaSXZE7bfJaQ3xedvfvIKPlXgOjGl2iqMAAKw4D22DdoBUBmt1pApk0fTVAaesiLJmo05GYDIn3ByPLOY8:1t8b9r:1yTLugdX2tCWKLF3BzgiJTgrKOkcVh-t4EEgjSbCfrQ",
    "expire_date": "2024-11-20T08:12:55.860Z"
  }
},
{
  "model": "sessions.session",
  "pk": "9sogifdrk063erc5m18lqi1huxw2tsmz",
  "fields": {
    "session_data": ".eJxVjEEOwiAQRe_C2hCgDDgu3fcMZIBBqoYmpV0Z765NutDtf-_9lwi0rTVsnZcwZXERRpx-t0jpwW0H-U7tNss0t3WZotwVedAuxznz83q4fweVev3WqLgUi1C0N2dIDh1FBDac9GDRAGpQPHjMitBrdsZbNjpHFW1BVCDeH8qjNv0:1s3bft:Alf1SyjRwHUwZ1269WMy_47Tqs31qxp-wSa31MFsb5I",
    "expire_date": "2024-05-19T13:13:05.371Z"
  }
},
{
  "model": "sessions.session",
  "pk": "amxslzkhveog61h7ohvw4qpmvmivcq00",
  "fields": {
    "session_data": ".eJxVjEEOwiAQRe_C2pACYgeX7j0DGWYYqRpISrsy3l2bdKHb_977LxVxXUpce57jxOqsrDr8bgnpkesG-I711jS1usxT0puid9r1tXF-Xnb376BgL99azMBukKMD40xwBG70mDw6AU4nCpDZErCIN94yjTYIWOAgGQwjkXp_AN8pOHY:1tT1w8:V21hahyZ5Hu-kZXITLig5nwpGES4vYrlXso9eqLw2-o",
    "expire_date": "2025-01-15T16:51:12.430Z"
  }
},
{
  "model": "sessions.session",
  "pk": "bzscixczws8jwibiu21gpzatf120f1w1",
  "fields": {
    "session_data": ".eJxVjEEOwiAQRe_C2hCgDDgu3fcMZIBBqoYmpV0Z765NutDtf-_9lwi0rTVsnZcwZXERRpx-t0jpwW0H-U7tNss0t3WZotwVedAuxznz83q4fweVev3WqLgUi1C0N2dIDh1FBDac9GDRAGpQPHjMitBrdsZbNjpHFW1BVCDeH8qjNv0:1sWY4c:oPpyMIwOmkzsDlsY50WyChd1G0eNRLSm2NtjGNao8R0",
    "expire_date": "2024-08-07T09:14:14.791Z"
  }
},
{
  "model": "sessions.session",
  "pk": "c1bxf0djszszqv3c019pjz61my1bgxtk",
  "fields": {
    "session_data": ".eJxVjEEOwiAQRe_C2hCgDDgu3fcMZIBBqoYmpV0Z765NutDtf-_9lwi0rTVsnZcwZXERRpx-t0jpwW0H-U7tNss0t3WZotwVedAuxznz83q4fweVev3WqLgUi1C0N2dIDh1FBDac9GDRAGpQPHjMitBrdsZbNjpHFW1BVCDeH8qjNv0:1s65f7:ITu2iYQiNs2z7pc0WIhtkOrD4VR0wRLIOGb6gzcHI4U",
    "expire_date": "2024-05-26T09:38:33.602Z"
  }
},
{
  "model": "sessions.session",
  "pk": "ce7qc1dl9hmckvdyeru2otswilgvzqpx",
  "fields": {
    "session_data": ".eJxVjEEOwiAQRe_C2pACYgeX7j0DGWYYqRpISrsy3l2bdKHb_977LxVxXUpce57jxOqsrDr8bgnpkesG-I711jS1usxT0puid9r1tXF-Xnb376BgL99azMBukKMD40xwBG70mDw6AU4nCpDZErCIN94yjTYIWOAgGQwjkXp_AN8pOHY:1t8b1y:fToSWwVDRrsbMbdb914JrqsADAwUlIMQDQhvm1MHzPk",
    "expire_date": "2024-11-20T08:04:46.612Z"
  }
},
{
  "model": "sessions.session",
  "pk": "cetzqxu5mdacu8cyn0x5921569ukvky9",
  "fields": {
    "session_data": ".eJxVjEEOwiAQRe_C2hCgDDgu3fcMZIBBqoYmpV0Z765NutDtf-_9lwi0rTVsnZcwZXERRpx-t0jpwW0H-U7tNss0t3WZotwVedAuxznz83q4fweVev3WqLgUi1C0N2dIDh1FBDac9GDRAGpQPHjMitBrdsZbNjpHFW1BVCDeH8qjNv0:1sQTtO:-Rqim7yiwZmw-ob4DRybulDoTOavUt4V_uOpVN_aPkE",
    "expire_date": "2024-07-21T15:33:34.762Z"
  }
},
{
  "model": "sessions.session",
  "pk": "i8naf9p46tybik7p5879va64l2m4k2ll",
  "fields": {
    "session_data": ".eJxVjEEOwiAQRe_C2hCgDDgu3fcMZIBBqoYmpV0Z765NutDtf-_9lwi0rTVsnZcwZXERRpx-t0jpwW0H-U7tNss0t3WZotwVedAuxznz83q4fweVev3WqLgUi1C0N2dIDh1FBDac9GDRAGpQPHjMitBrdsZbNjpHFW1BVCDeH8qjNv0:1soQPI:0XDPBuXloABiXWXNNLDk6OQcVeU1xTaeEGSizLgMRws",
    "expire_date": "2024-09-25T16:41:28.390Z"
  }
},
{
  "model": "sessions.session",
  "pk": "klfhkiabiehfy3ueb4azvdd8vvzikjk6",
  "fields": {
    "session_data": ".eJxVjEEOwiAQRe_C2hCgDDgu3fcMZIBBqoYmpV0Z765NutDtf-_9lwi0rTVsnZcwZXERRpx-t0jpwW0H-U7tNss0t3WZotwVedAuxznz83q4fweVev3WqLgUi1C0N2dIDh1FBDac9GDRAGpQPHjMitBrdsZbNjpHFW1BVCDeH8qjNv0:1sM4id:OiHf7qvx-CaNjlQOayQXXP4W1wB_kWO0IHfNbPE-LDU",
    "expire_date": "2024-07-09T11:52:15.369Z"
  }
},
{
  "model": "sessions.session",
  "pk": "n098oxyle9de9wb7dd08o39m9yijckuu",
  "fields": {
    "session_data": ".eJxVjEEOwiAQRe_C2hCgDDgu3fcMZIBBqoYmpV0Z765NutDtf-_9lwi0rTVsnZcwZXERRpx-t0jpwW0H-U7tNss0t3WZotwVedAuxznz83q4fweVev3WqLgUi1C0N2dIDh1FBDac9GDRAGpQPHjMitBrdsZbNjpHFW1BVCDeH8qjNv0:1sOuJw:9YEW-q6nL4QIGFjMU4TeerJZNSRdpw6W9d97bU4xPfk",
    "expire_date": "2024-07-17T07:22:28.081Z"
  }
},
{
  "model": "sessions.session",
  "pk": "n7e7bx1vaw7hklxi1iot31vhx4jp3swv",
  "fields": {
    "session_data": ".eJxVjEEOwiAQRe_C2hCgDDgu3fcMZIBBqoYmpV0Z765NutDtf-_9lwi0rTVsnZcwZXERRpx-t0jpwW0H-U7tNss0t3WZotwVedAuxznz83q4fweVev3WqLgUi1C0N2dIDh1FBDac9GDRAGpQPHjMitBrdsZbNjpHFW1BVCDeH8qjNv0:1sickR:ig7WQOy_3wMzAhBjlsAkvKygudxuXhozdmFPiyYiXKE",
    "expire_date": "2024-09-09T16:39:19.488Z"
  }
},
{
  "model": "sessions.session",
  "pk": "qy1i0snxdygz5cbe7z2kv917ndz26uot",
  "fields": {
    "session_data": ".eJxVjEEOwiAQRe_C2hCgDDgu3fcMZIBBqoYmpV0Z765NutDtf-_9lwi0rTVsnZcwZXERRpx-t0jpwW0H-U7tNss0t3WZotwVedAuxznz83q4fweVev3WqLgUi1C0N2dIDh1FBDac9GDRAGpQPHjMitBrdsZbNjpHFW1BVCDeH8qjNv0:1rdtwk:cqaU2lKzK_5KeAFqR5jxpDdtn3HsrotnuKYPAICdZGo",
    "expire_date": "2024-03-09T15:28:14.261Z"
  }
},
{
  "model": "sessions.session",
  "pk": "rikldyyi11hinvh7sd2twnnbzdg21zny",
  "fields": {
    "session_data": ".eJxVjEEOwiAQRe_C2pACYgeX7j0DGWYYqRpISrsy3l2bdKHb_977LxVxXUpce57jxOqsrDr8bgnpkesG-I711jS1usxT0puid9r1tXF-Xnb376BgL99azMBukKMD40xwBG70mDw6AU4nCpDZErCIN94yjTYIWOAgGQwjkXp_AN8pOHY:1tEqSl:cxvisZK8vMyEdGraE9qpWPW6La2ScQaG3DGCRoIbYl8",
    "expire_date": "2024-12-07T13:46:15.726Z"
  }
},
{
  "model": "sessions.session",
  "pk": "s5zp4qkt5hy31r20yyn2tebvnublb54f",
  "fields": {
    "session_data": ".eJxVjEEOwiAQRe_C2hCgDDgu3fcMZIBBqoYmpV0Z765NutDtf-_9lwi0rTVsnZcwZXERRpx-t0jpwW0H-U7tNss0t3WZotwVedAuxznz83q4fweVev3WqLgUi1C0N2dIDh1FBDac9GDRAGpQPHjMitBrdsZbNjpHFW1BVCDeH8qjNv0:1sOLAz:4Yk3iXhLhWrYIjubHRgEYPu5JemrilhxJ9QblNoEZMw",
    "expire_date": "2024-07-15T17:50:53.500Z"
  }
},
{
  "model": "sessions.session",
  "pk": "ty53rtrcum11d0uje3bzaxr6ix7mhbrz",
  "fields": {
    "session_data": ".eJxVjEEOwiAQRe_C2hCgDDgu3fcMZIBBqoYmpV0Z765NutDtf-_9lwi0rTVsnZcwZXERRpx-t0jpwW0H-U7tNss0t3WZotwVedAuxznz83q4fweVev3WqLgUi1C0N2dIDh1FBDac9GDRAGpQPHjMitBrdsZbNjpHFW1BVCDeH8qjNv0:1sM4g4:ugtmVBT4CkpzridAmKYlvmaTAzxkf7oi6dGJqwu8h7E",
    "expire_date": "2024-07-09T11:49:36.101Z"
  }
},
{
  "model": "sessions.session",
  "pk": "x211qsjmvw7beelsiwm56q8vwbdlwvcw",
  "fields": {
    "session_data": ".eJxVjEEOwiAQRe_C2hCgDDgu3fcMZIBBqoYmpV0Z765NutDtf-_9lwi0rTVsnZcwZXERRpx-t0jpwW0H-U7tNss0t3WZotwVedAuxznz83q4fweVev3WqLgUi1C0N2dIDh1FBDac9GDRAGpQPHjMitBrdsZbNjpHFW1BVCDeH8qjNv0:1sBCAH:ctz-6_mb_02uHawOJ93ingYp23ohuUJrFRmb3hDQ1W8",
    "expire_date": "2024-06-09T11:35:49.379Z"
  }
},
{
  "model": "sessions.session",
  "pk": "zcqkmg03y2nhb0dsq190mjgljzh88rb6",
  "fields": {
    "session_data": ".eJxVjEEOwiAQRe_C2hCgDDgu3fcMZIBBqoYmpV0Z765NutDtf-_9lwi0rTVsnZcwZXERRpx-t0jpwW0H-U7tNss0t3WZotwVedAuxznz83q4fweVev3WqLgUi1C0N2dIDh1FBDac9GDRAGpQPHjMitBrdsZbNjpHFW1BVCDeH8qjNv0:1sP6e7:OG_8dHKG_jAEIEdkuyitraeJuIF4NrpDt5wF0L4DMlk",
    "expire_date": "2024-07-17T20:32:07.916Z"
  }
},
{
  "model": "plan_visual_django.planactivity",
  "pk": 2013,
  "fields": {
    "plan": 18,
    "unique_sticky_activity_id": "ID-0007",
    "activity_name": "Project Start",
    "milestone_flag": true,
    "start_date": "2023-01-01",
    "end_date": "2023-01-01",
    "level": 0
  }
},
{
  "model": "plan_visual_django.planactivity",
  "pk": 2014,
  "fields": {
    "plan": 18,
    "unique_sticky_activity_id": "ID-0001",
    "activity_name": "Activity 1",
    "milestone_flag": false,
    "start_date": "2023-01-02",
    "end_date": "2023-01-20",
    "level": 0
  }
},
{
  "model": "plan_visual_django.planactivity",
  "pk": 2015,
  "fields": {
    "plan": 18,
    "unique_sticky_activity_id": "ID-0002",
    "activity_name": "Activity 2",
    "milestone_flag": false,
    "start_date": "2023-01-02",
    "end_date": "2023-01-20",
    "level": 1
  }
},
{
  "model": "plan_visual_django.planactivity",
  "pk": 2016,
  "fields": {
    "plan": 18,
    "unique_sticky_activity_id": "ID-0005",
    "activity_name": "Activity 5",
    "milestone_flag": false,
    "start_date": "2023-01-02",
    "end_date": "2023-01-13",
    "level": 2
  }
},
{
  "model": "plan_visual_django.planactivity",
  "pk": 2017,
  "fields": {
    "plan": 18,
    "unique_sticky_activity_id": "ID-0006",
    "activity_name": "Another activity",
    "milestone_flag": false,
    "start_date": "2023-01-16",
    "end_date": "2023-01-20",
    "level": 2
  }
},
{
  "model": "plan_visual_django.planactivity",
  "pk": 2018,
  "fields": {
    "plan": 18,
    "unique_sticky_activity_id": "ID-0003",
    "activity_name": "Activity 3",
    "milestone_flag": false,
    "start_date": "2023-01-23",
    "end_date": "2023-01-27",
    "level": 0
  }
},
{
  "model": "plan_visual_django.planactivity",
  "pk": 2019,
  "fields": {
    "plan": 18,
    "unique_sticky_activity_id": "ID-0004",
    "activity_name": "Activity 4",
    "milestone_flag": false,
    "start_date": "2023-01-30",
    "end_date": "2023-02-10",
    "level": 0
  }
},
{
  "model": "plan_visual_django.planactivity",
  "pk": 2548,
  "fields": {
    "plan": 21,
    "unique_sticky_activity_id": "1",
    "activity_name": "Governance",
    "milestone_flag": false,
    "start_date": "2022-10-24",
    "end_date": "2023-01-13",
    "level": 1
  }
},
{
  "model": "plan_visual_django.planactivity",
  "pk": 2549,
  "fields": {
    "plan": 21,
    "unique_sticky_activity_id": "2",
    "activity_name": "FSOC Dates",
    "milestone_flag": true,
    "start_date": "2022-10-24",
    "end_date": "2022-10-24",
    "level": 2
  }
},
{
  "model": "plan_visual_django.planactivity",
  "pk": 2550,
  "fields": {
    "plan": 21,
    "unique_sticky_activity_id": "3",
    "activity_name": "October FSOC",
    "milestone_flag": true,
    "start_date": "2022-10-24",
    "end_date": "2022-10-24",
    "level": 3
  }
},
{
  "model": "plan_visual_django.planactivity",
  "pk": 2551,
  "fields": {
    "plan": 21,
    "unique_sticky_activity_id": "4",
    "activity_name": "November FSOC",
    "milestone_flag": true,
    "start_date": "2022-10-24",
    "end_date": "2022-10-24",
    "level": 3
  }
},
{
  "model": "plan_visual_django.planactivity",
  "pk": 2552,
  "fields": {
    "plan": 21,
    "unique_sticky_activity_id": "5",
    "activity_name": "December FSOC",
    "milestone_flag": true,
    "start_date": "2022-10-24",
    "end_date": "2022-10-24",
    "level": 3
  }
},
{
  "model": "plan_visual_django.planactivity",
  "pk": 2553,
  "fields": {
    "plan": 21,
    "unique_sticky_activity_id": "6",
    "activity_name": "Sprints",
    "milestone_flag": false,
    "start_date": "2022-10-24",
    "end_date": "2023-01-13",
    "level": 2
  }
},
{
  "model": "plan_visual_django.planactivity",
  "pk": 2554,
  "fields": {
    "plan": 21,
    "unique_sticky_activity_id": "7",
    "activity_name": "Sprint 12",
    "milestone_flag": false,
    "start_date": "2022-10-24",
    "end_date": "2022-11-18",
    "level": 3
  }
},
{
  "model": "plan_visual_django.planactivity",
  "pk": 2555,
  "fields": {
    "plan": 21,
    "unique_sticky_activity_id": "8",
    "activity_name": "Sprint 13",
    "milestone_flag": false,
    "start_date": "2022-11-21",
    "end_date": "2022-12-16",
    "level": 3
  }
},
{
  "model": "plan_visual_django.planactivity",
  "pk": 2556,
  "fields": {
    "plan": 21,
    "unique_sticky_activity_id": "9",
    "activity_name": "Sprint 14",
    "milestone_flag": false,
    "start_date": "2022-12-19",
    "end_date": "2023-01-13",
    "level": 3
  }
},
{
  "model": "plan_visual_django.planactivity",
  "pk": 2557,
  "fields": {
    "plan": 21,
    "unique_sticky_activity_id": "10",
    "activity_name": "Discovery",
    "milestone_flag": false,
    "start_date": "2022-10-24",
    "end_date": "2023-01-27",
    "level": 1
  }
},
{
  "model": "plan_visual_django.planactivity",
  "pk": 2558,
  "fields": {
    "plan": 21,
    "unique_sticky_activity_id": "11",
    "activity_name": "Sprint 12 Activities",
    "milestone_flag": false,
    "start_date": "2022-10-24",
    "end_date": "2022-11-18",
    "level": 2
  }
},
{
  "model": "plan_visual_django.planactivity",
  "pk": 2559,
  "fields": {
    "plan": 21,
    "unique_sticky_activity_id": "12",
    "activity_name": "Get approval for New Customers solution approach",
    "milestone_flag": false,
    "start_date": "2022-10-24",
    "end_date": "2022-11-18",
    "level": 3
  }
},
{
  "model": "plan_visual_django.planactivity",
  "pk": 2560,
  "fields": {
    "plan": 21,
    "unique_sticky_activity_id": "13",
    "activity_name": "Gain approval for Option 3 for New Customers",
    "milestone_flag": false,
    "start_date": "2022-10-24",
    "end_date": "2022-11-18",
    "level": 4
  }
},
{
  "model": "plan_visual_django.planactivity",
  "pk": 2561,
  "fields": {
    "plan": 21,
    "unique_sticky_activity_id": "14",
    "activity_name": "Make decision on whether Appro will be required for IOOP.",
    "milestone_flag": false,
    "start_date": "2022-10-24",
    "end_date": "2022-11-18",
    "level": 4
  }
},
{
  "model": "plan_visual_django.planactivity",
  "pk": 2562,
  "fields": {
    "plan": 21,
    "unique_sticky_activity_id": "15",
    "activity_name": "Get approval for Existing Customers implications",
    "milestone_flag": false,
    "start_date": "2022-10-24",
    "end_date": "2022-11-18",
    "level": 3
  }
},
{
  "model": "plan_visual_django.planactivity",
  "pk": 2563,
  "fields": {
    "plan": 21,
    "unique_sticky_activity_id": "16",
    "activity_name": "Confirm options for Existing Customers (in advance of solution)",
    "milestone_flag": false,
    "start_date": "2022-10-24",
    "end_date": "2022-11-18",
    "level": 4
  }
},
{
  "model": "plan_visual_django.planactivity",
  "pk": 2564,
  "fields": {
    "plan": 21,
    "unique_sticky_activity_id": "17",
    "activity_name": "Agree implications for Existing Customers",
    "milestone_flag": false,
    "start_date": "2022-10-24",
    "end_date": "2022-11-18",
    "level": 4
  }
},
{
  "model": "plan_visual_django.planactivity",
  "pk": 2565,
  "fields": {
    "plan": 21,
    "unique_sticky_activity_id": "18",
    "activity_name": "Finalise commercials with Welcom and begin engagement",
    "milestone_flag": false,
    "start_date": "2022-10-24",
    "end_date": "2022-11-18",
    "level": 3
  }
},
{
  "model": "plan_visual_django.planactivity",
  "pk": 2566,
  "fields": {
    "plan": 21,
    "unique_sticky_activity_id": "19",
    "activity_name": "Receive and sign off SOW from Welcom",
    "milestone_flag": false,
    "start_date": "2022-10-24",
    "end_date": "2022-11-18",
    "level": 4
  }
},
{
  "model": "plan_visual_django.planactivity",
  "pk": 2567,
  "fields": {
    "plan": 21,
    "unique_sticky_activity_id": "20",
    "activity_name": "Complete data field analysis",
    "milestone_flag": false,
    "start_date": "2022-10-24",
    "end_date": "2022-11-18",
    "level": 4
  }
},
{
  "model": "plan_visual_django.planactivity",
  "pk": 2568,
  "fields": {
    "plan": 21,
    "unique_sticky_activity_id": "21",
    "activity_name": "Engage with Welcom to discuss critical gaps in data mapping.",
    "milestone_flag": false,
    "start_date": "2022-10-24",
    "end_date": "2022-11-18",
    "level": 4
  }
},
{
  "model": "plan_visual_django.planactivity",
  "pk": 2569,
  "fields": {
    "plan": 21,
    "unique_sticky_activity_id": "22",
    "activity_name": "Complete key business activities including research, legal impact analysis, consumer duty impact analysis",
    "milestone_flag": false,
    "start_date": "2022-10-24",
    "end_date": "2022-11-18",
    "level": 3
  }
},
{
  "model": "plan_visual_django.planactivity",
  "pk": 2570,
  "fields": {
    "plan": 21,
    "unique_sticky_activity_id": "23",
    "activity_name": "Complete Chetwood research (both qualitative and quantitative)",
    "milestone_flag": false,
    "start_date": "2022-10-24",
    "end_date": "2022-11-18",
    "level": 4
  }
},
{
  "model": "plan_visual_django.planactivity",
  "pk": 2571,
  "fields": {
    "plan": 21,
    "unique_sticky_activity_id": "24",
    "activity_name": "Consumer Duty - Complete initial impact assessment from CD requirements and New FS (Tanya/John C)",
    "milestone_flag": false,
    "start_date": "2022-10-24",
    "end_date": "2022-11-18",
    "level": 4
  }
},
{
  "model": "plan_visual_django.planactivity",
  "pk": 2572,
  "fields": {
    "plan": 21,
    "unique_sticky_activity_id": "25",
    "activity_name": "Complete legal impact analysis upon key product assets - specifically credit agreement",
    "milestone_flag": false,
    "start_date": "2022-10-24",
    "end_date": "2022-11-18",
    "level": 4
  }
},
{
  "model": "plan_visual_django.planactivity",
  "pk": 2573,
  "fields": {
    "plan": 21,
    "unique_sticky_activity_id": "26",
    "activity_name": "Update IOOP Bible with response to questions to Welcom once received.",
    "milestone_flag": false,
    "start_date": "2022-10-24",
    "end_date": "2022-11-18",
    "level": 4
  }
},
{
  "model": "plan_visual_django.planactivity",
  "pk": 2574,
  "fields": {
    "plan": 21,
    "unique_sticky_activity_id": "27",
    "activity_name": "Complete first iteration of UX design for checkout, application and direct debit (separate items)",
    "milestone_flag": false,
    "start_date": "2022-10-24",
    "end_date": "2022-11-18",
    "level": 3
  }
},
{
  "model": "plan_visual_django.planactivity",
  "pk": 2575,
  "fields": {
    "plan": 21,
    "unique_sticky_activity_id": "28",
    "activity_name": "Sprint 13 Activities",
    "milestone_flag": false,
    "start_date": "2022-11-21",
    "end_date": "2022-12-16",
    "level": 2
  }
},
{
  "model": "plan_visual_django.planactivity",
  "pk": 2576,
  "fields": {
    "plan": 21,
    "unique_sticky_activity_id": "29",
    "activity_name": "Deliverables",
    "milestone_flag": false,
    "start_date": "2022-10-24",
    "end_date": "2023-01-27",
    "level": 2
  }
},
{
  "model": "plan_visual_django.planactivity",
  "pk": 2577,
  "fields": {
    "plan": 21,
    "unique_sticky_activity_id": "30",
    "activity_name": "Welcom Discovery Complete (Dates Speculative)",
    "milestone_flag": false,
    "start_date": "2022-10-24",
    "end_date": "2022-11-11",
    "level": 3
  }
},
{
  "model": "plan_visual_django.planactivity",
  "pk": 2578,
  "fields": {
    "plan": 21,
    "unique_sticky_activity_id": "31",
    "activity_name": "Welcom SOW Sign Off",
    "milestone_flag": false,
    "start_date": "2022-10-24",
    "end_date": "2022-10-28",
    "level": 4
  }
},
{
  "model": "plan_visual_django.planactivity",
  "pk": 2579,
  "fields": {
    "plan": 21,
    "unique_sticky_activity_id": "32",
    "activity_name": "Welcom Discovery",
    "milestone_flag": false,
    "start_date": "2022-10-31",
    "end_date": "2022-11-11",
    "level": 4
  }
},
{
  "model": "plan_visual_django.planactivity",
  "pk": 2580,
  "fields": {
    "plan": 21,
    "unique_sticky_activity_id": "33",
    "activity_name": "Welcom Discovery Complete",
    "milestone_flag": true,
    "start_date": "2022-11-11",
    "end_date": "2022-11-11",
    "level": 4
  }
},
{
  "model": "plan_visual_django.planactivity",
  "pk": 2581,
  "fields": {
    "plan": 21,
    "unique_sticky_activity_id": "34",
    "activity_name": "Signed Off Requirements",
    "milestone_flag": false,
    "start_date": "2022-10-24",
    "end_date": "2022-11-11",
    "level": 3
  }
},
{
  "model": "plan_visual_django.planactivity",
  "pk": 2582,
  "fields": {
    "plan": 21,
    "unique_sticky_activity_id": "35",
    "activity_name": "Issue updated BRD after latest feedback (CD analysis and review comments)",
    "milestone_flag": true,
    "start_date": "2022-10-24",
    "end_date": "2022-10-24",
    "level": 4
  }
},
{
  "model": "plan_visual_django.planactivity",
  "pk": 2583,
  "fields": {
    "plan": 21,
    "unique_sticky_activity_id": "36",
    "activity_name": "BRD Review/sign off",
    "milestone_flag": false,
    "start_date": "2022-10-24",
    "end_date": "2022-11-11",
    "level": 4
  }
},
{
  "model": "plan_visual_django.planactivity",
  "pk": 2584,
  "fields": {
    "plan": 21,
    "unique_sticky_activity_id": "37",
    "activity_name": "BRD Signed Off",
    "milestone_flag": true,
    "start_date": "2022-10-24",
    "end_date": "2022-10-24",
    "level": 4
  }
},
{
  "model": "plan_visual_django.planactivity",
  "pk": 2585,
  "fields": {
    "plan": 21,
    "unique_sticky_activity_id": "38",
    "activity_name": "Solution Definition/Overview Doc",
    "milestone_flag": false,
    "start_date": "2022-10-24",
    "end_date": "2022-11-18",
    "level": 3
  }
},
{
  "model": "plan_visual_django.planactivity",
  "pk": 2586,
  "fields": {
    "plan": 21,
    "unique_sticky_activity_id": "39",
    "activity_name": "Write Solution Definition",
    "milestone_flag": false,
    "start_date": "2022-10-24",
    "end_date": "2022-11-11",
    "level": 4
  }
},
{
  "model": "plan_visual_django.planactivity",
  "pk": 2587,
  "fields": {
    "plan": 21,
    "unique_sticky_activity_id": "40",
    "activity_name": "Solution Definition Review/sign off",
    "milestone_flag": false,
    "start_date": "2022-11-14",
    "end_date": "2022-11-18",
    "level": 4
  }
},
{
  "model": "plan_visual_django.planactivity",
  "pk": 2588,
  "fields": {
    "plan": 21,
    "unique_sticky_activity_id": "41",
    "activity_name": "Solution Design Signed Off",
    "milestone_flag": true,
    "start_date": "2022-11-18",
    "end_date": "2022-11-18",
    "level": 4
  }
},
{
  "model": "plan_visual_django.planactivity",
  "pk": 2589,
  "fields": {
    "plan": 21,
    "unique_sticky_activity_id": "42",
    "activity_name": "E2E Impact Assessment",
    "milestone_flag": false,
    "start_date": "2022-12-19",
    "end_date": "2023-01-27",
    "level": 3
  }
},
{
  "model": "plan_visual_django.planactivity",
  "pk": 2590,
  "fields": {
    "plan": 21,
    "unique_sticky_activity_id": "43",
    "activity_name": "Write E2E Impact Assessment",
    "milestone_flag": false,
    "start_date": "2022-12-19",
    "end_date": "2022-12-30",
    "level": 4
  }
},
{
  "model": "plan_visual_django.planactivity",
  "pk": 2591,
  "fields": {
    "plan": 21,
    "unique_sticky_activity_id": "44",
    "activity_name": "E2E Impact Assessment Review/sign off",
    "milestone_flag": false,
    "start_date": "2023-01-02",
    "end_date": "2023-01-13",
    "level": 4
  }
},
{
  "model": "plan_visual_django.planactivity",
  "pk": 2592,
  "fields": {
    "plan": 21,
    "unique_sticky_activity_id": "45",
    "activity_name": "E2E Impact Assessment Signed Off",
    "milestone_flag": false,
    "start_date": "2023-01-16",
    "end_date": "2023-01-27",
    "level": 4
  }
},
{
  "model": "plan_visual_django.planactivity",
  "pk": 2593,
  "fields": {
    "plan": 21,
    "unique_sticky_activity_id": "46",
    "activity_name": "Non Functional Requirements",
    "milestone_flag": false,
    "start_date": "2022-11-14",
    "end_date": "2022-12-02",
    "level": 3
  }
},
{
  "model": "plan_visual_django.planactivity",
  "pk": 2594,
  "fields": {
    "plan": 21,
    "unique_sticky_activity_id": "47",
    "activity_name": "Write NFRs",
    "milestone_flag": false,
    "start_date": "2022-11-14",
    "end_date": "2022-11-25",
    "level": 4
  }
},
{
  "model": "plan_visual_django.planactivity",
  "pk": 2595,
  "fields": {
    "plan": 21,
    "unique_sticky_activity_id": "48",
    "activity_name": "NFRs Review/sign off",
    "milestone_flag": false,
    "start_date": "2022-11-28",
    "end_date": "2022-12-02",
    "level": 4
  }
},
{
  "model": "plan_visual_django.planactivity",
  "pk": 2596,
  "fields": {
    "plan": 21,
    "unique_sticky_activity_id": "49",
    "activity_name": "NFRs Signed Off",
    "milestone_flag": true,
    "start_date": "2022-12-02",
    "end_date": "2022-12-02",
    "level": 4
  }
},
{
  "model": "plan_visual_django.planactivity",
  "pk": 2597,
  "fields": {
    "plan": 21,
    "unique_sticky_activity_id": "50",
    "activity_name": "Implementation & Cutover Strategy/Recommendation",
    "milestone_flag": false,
    "start_date": "2022-11-14",
    "end_date": "2022-12-02",
    "level": 3
  }
},
{
  "model": "plan_visual_django.planactivity",
  "pk": 2598,
  "fields": {
    "plan": 21,
    "unique_sticky_activity_id": "51",
    "activity_name": "Write Implementation & Cutover Strategy/Recommendation",
    "milestone_flag": false,
    "start_date": "2022-11-14",
    "end_date": "2022-11-25",
    "level": 4
  }
},
{
  "model": "plan_visual_django.planactivity",
  "pk": 2599,
  "fields": {
    "plan": 21,
    "unique_sticky_activity_id": "52",
    "activity_name": "Implementation & Cutover Strategy/Recommendation Review/sign off",
    "milestone_flag": false,
    "start_date": "2022-11-28",
    "end_date": "2022-12-02",
    "level": 4
  }
},
{
  "model": "plan_visual_django.planactivity",
  "pk": 2600,
  "fields": {
    "plan": 21,
    "unique_sticky_activity_id": "53",
    "activity_name": "Implementation & Cutover Strategy/Recommendation Signed Off",
    "milestone_flag": true,
    "start_date": "2022-12-02",
    "end_date": "2022-12-02",
    "level": 4
  }
},
{
  "model": "plan_visual_django.planactivity",
  "pk": 2601,
  "fields": {
    "plan": 21,
    "unique_sticky_activity_id": "54",
    "activity_name": "Delivery Plan",
    "milestone_flag": false,
    "start_date": "2022-11-14",
    "end_date": "2022-12-02",
    "level": 3
  }
},
{
  "model": "plan_visual_django.planactivity",
  "pk": 2602,
  "fields": {
    "plan": 21,
    "unique_sticky_activity_id": "55",
    "activity_name": "Write Delivery Plan",
    "milestone_flag": false,
    "start_date": "2022-11-14",
    "end_date": "2022-11-25",
    "level": 4
  }
},
{
  "model": "plan_visual_django.planactivity",
  "pk": 2603,
  "fields": {
    "plan": 21,
    "unique_sticky_activity_id": "56",
    "activity_name": "Delivery Plan Review/sign off",
    "milestone_flag": false,
    "start_date": "2022-11-28",
    "end_date": "2022-12-02",
    "level": 4
  }
},
{
  "model": "plan_visual_django.planactivity",
  "pk": 2604,
  "fields": {
    "plan": 21,
    "unique_sticky_activity_id": "57",
    "activity_name": "Delivery Plan Signed Off",
    "milestone_flag": true,
    "start_date": "2022-12-02",
    "end_date": "2022-12-02",
    "level": 4
  }
},
{
  "model": "plan_visual_django.planactivity",
  "pk": 2605,
  "fields": {
    "plan": 21,
    "unique_sticky_activity_id": "58",
    "activity_name": "Target End Of Discovery",
    "milestone_flag": true,
    "start_date": "2022-10-24",
    "end_date": "2022-10-24",
    "level": 3
  }
},
{
  "model": "plan_visual_django.planactivity",
  "pk": 2644,
  "fields": {
    "plan": 23,
    "unique_sticky_activity_id": "1.0",
    "activity_name": "Product Development",
    "milestone_flag": false,
    "start_date": "2025-01-01",
    "end_date": "2025-05-14",
    "level": 0
  }
},
{
  "model": "plan_visual_django.planactivity",
  "pk": 2645,
  "fields": {
    "plan": 23,
    "unique_sticky_activity_id": "2.0",
    "activity_name": "Market Research",
    "milestone_flag": false,
    "start_date": "2025-01-01",
    "end_date": "2025-01-31",
    "level": 1
  }
},
{
  "model": "plan_visual_django.planactivity",
  "pk": 2646,
  "fields": {
    "plan": 23,
    "unique_sticky_activity_id": "3.0",
    "activity_name": "Product Design",
    "milestone_flag": false,
    "start_date": "2025-01-15",
    "end_date": "2025-03-17",
    "level": 1
  }
},
{
  "model": "plan_visual_django.planactivity",
  "pk": 2647,
  "fields": {
    "plan": 23,
    "unique_sticky_activity_id": "4.0",
    "activity_name": "Prototype Development",
    "milestone_flag": false,
    "start_date": "2025-03-03",
    "end_date": "2025-05-14",
    "level": 1
  }
},
{
  "model": "plan_visual_django.planactivity",
  "pk": 2648,
  "fields": {
    "plan": 23,
    "unique_sticky_activity_id": "5.0",
    "activity_name": "Prototype Complete",
    "milestone_flag": true,
    "start_date": "2025-05-14",
    "end_date": "2025-05-14",
    "level": 1
  }
},
{
  "model": "plan_visual_django.planactivity",
  "pk": 2649,
  "fields": {
    "plan": 23,
    "unique_sticky_activity_id": "6.0",
    "activity_name": "Marketing and Promotion",
    "milestone_flag": false,
    "start_date": "2025-05-01",
    "end_date": "2025-08-06",
    "level": 0
  }
},
{
  "model": "plan_visual_django.planactivity",
  "pk": 2650,
  "fields": {
    "plan": 23,
    "unique_sticky_activity_id": "7.0",
    "activity_name": "Marketing Strategy",
    "milestone_flag": false,
    "start_date": "2025-05-01",
    "end_date": "2025-06-18",
    "level": 1
  }
},
{
  "model": "plan_visual_django.planactivity",
  "pk": 2651,
  "fields": {
    "plan": 23,
    "unique_sticky_activity_id": "8.0",
    "activity_name": "Content Creation",
    "milestone_flag": false,
    "start_date": "2025-06-01",
    "end_date": "2025-08-06",
    "level": 1
  }
},
{
  "model": "plan_visual_django.planactivity",
  "pk": 2652,
  "fields": {
    "plan": 23,
    "unique_sticky_activity_id": "9.0",
    "activity_name": "Campaign Start",
    "milestone_flag": true,
    "start_date": "2025-08-06",
    "end_date": "2025-08-06",
    "level": 1
  }
},
{
  "model": "plan_visual_django.planactivity",
  "pk": 2653,
  "fields": {
    "plan": 23,
    "unique_sticky_activity_id": "10.0",
    "activity_name": "Sales and Distribution",
    "milestone_flag": false,
    "start_date": "2025-08-04",
    "end_date": "2025-12-16",
    "level": 0
  }
},
{
  "model": "plan_visual_django.planactivity",
  "pk": 2654,
  "fields": {
    "plan": 23,
    "unique_sticky_activity_id": "11.0",
    "activity_name": "Sales Training",
    "milestone_flag": false,
    "start_date": "2025-08-04",
    "end_date": "2025-09-15",
    "level": 1
  }
},
{
  "model": "plan_visual_django.planactivity",
  "pk": 2655,
  "fields": {
    "plan": 23,
    "unique_sticky_activity_id": "12.0",
    "activity_name": "Product Distribution",
    "milestone_flag": false,
    "start_date": "2025-09-16",
    "end_date": "2025-12-16",
    "level": 1
  }
},
{
  "model": "plan_visual_django.planactivity",
  "pk": 2656,
  "fields": {
    "plan": 23,
    "unique_sticky_activity_id": "13.0",
    "activity_name": "End of Project - YYY but made into a long activity to see whether this is managed properly in the UI",
    "milestone_flag": true,
    "start_date": "2025-12-16",
    "end_date": "2025-12-16",
    "level": 1
  }
},
{
  "model": "plan_visual_django.planactivity",
  "pk": 2657,
  "fields": {
    "plan": 24,
    "unique_sticky_activity_id": "1",
    "activity_name": "FGH D365 Transformation Plan",
    "milestone_flag": false,
    "start_date": "2022-06-10",
    "end_date": "2024-10-11",
    "level": 1
  }
},
{
  "model": "plan_visual_django.planactivity",
  "pk": 2658,
  "fields": {
    "plan": 24,
    "unique_sticky_activity_id": "2",
    "activity_name": "Pre-Requisite",
    "milestone_flag": false,
    "start_date": "2022-06-10",
    "end_date": "2023-07-06",
    "level": 2
  }
},
{
  "model": "plan_visual_django.planactivity",
  "pk": 2659,
  "fields": {
    "plan": 24,
    "unique_sticky_activity_id": "3",
    "activity_name": "Environment",
    "milestone_flag": false,
    "start_date": "2022-06-10",
    "end_date": "2023-07-06",
    "level": 3
  }
},
{
  "model": "plan_visual_django.planactivity",
  "pk": 2660,
  "fields": {
    "plan": 24,
    "unique_sticky_activity_id": "4",
    "activity_name": "Environment Strategy",
    "milestone_flag": false,
    "start_date": "2022-06-10",
    "end_date": "2022-06-10",
    "level": 4
  }
},
{
  "model": "plan_visual_django.planactivity",
  "pk": 2661,
  "fields": {
    "plan": 24,
    "unique_sticky_activity_id": "5",
    "activity_name": "Development Environment",
    "milestone_flag": false,
    "start_date": "2022-06-27",
    "end_date": "2022-06-27",
    "level": 4
  }
},
{
  "model": "plan_visual_django.planactivity",
  "pk": 2662,
  "fields": {
    "plan": 24,
    "unique_sticky_activity_id": "6",
    "activity_name": "Gold Environment User",
    "milestone_flag": false,
    "start_date": "2022-06-28",
    "end_date": "2022-06-28",
    "level": 4
  }
},
{
  "model": "plan_visual_django.planactivity",
  "pk": 2663,
  "fields": {
    "plan": 24,
    "unique_sticky_activity_id": "7",
    "activity_name": "Demo Environment",
    "milestone_flag": false,
    "start_date": "2022-06-28",
    "end_date": "2022-06-28",
    "level": 4
  }
},
{
  "model": "plan_visual_django.planactivity",
  "pk": 2664,
  "fields": {
    "plan": 24,
    "unique_sticky_activity_id": "8",
    "activity_name": "SIT Environment",
    "milestone_flag": false,
    "start_date": "2022-06-27",
    "end_date": "2022-06-28",
    "level": 4
  }
},
{
  "model": "plan_visual_django.planactivity",
  "pk": 2665,
  "fields": {
    "plan": 24,
    "unique_sticky_activity_id": "9",
    "activity_name": "UAT Environment",
    "milestone_flag": false,
    "start_date": "2023-01-23",
    "end_date": "2023-01-23",
    "level": 4
  }
},
{
  "model": "plan_visual_django.planactivity",
  "pk": 2666,
  "fields": {
    "plan": 24,
    "unique_sticky_activity_id": "10",
    "activity_name": "Performance Env",
    "milestone_flag": false,
    "start_date": "2023-02-07",
    "end_date": "2023-02-07",
    "level": 4
  }
},
{
  "model": "plan_visual_django.planactivity",
  "pk": 2667,
  "fields": {
    "plan": 24,
    "unique_sticky_activity_id": "11",
    "activity_name": "Pre Prod",
    "milestone_flag": false,
    "start_date": "2023-06-26",
    "end_date": "2023-06-26",
    "level": 4
  }
},
{
  "model": "plan_visual_django.planactivity",
  "pk": 2668,
  "fields": {
    "plan": 24,
    "unique_sticky_activity_id": "12",
    "activity_name": "Production",
    "milestone_flag": false,
    "start_date": "2023-07-06",
    "end_date": "2023-07-06",
    "level": 4
  }
},
{
  "model": "plan_visual_django.planactivity",
  "pk": 2669,
  "fields": {
    "plan": 24,
    "unique_sticky_activity_id": "13",
    "activity_name": "Basic Setup and Configurations : (To be done by Finance Team)",
    "milestone_flag": false,
    "start_date": "2022-06-10",
    "end_date": "2022-06-30",
    "level": 3
  }
},
{
  "model": "plan_visual_django.planactivity",
  "pk": 2670,
  "fields": {
    "plan": 24,
    "unique_sticky_activity_id": "14",
    "activity_name": "Legal Entity Creation  Inventory and Financial Posting",
    "milestone_flag": false,
    "start_date": "2022-06-29",
    "end_date": "2022-06-30",
    "level": 4
  }
},
{
  "model": "plan_visual_django.planactivity",
  "pk": 2671,
  "fields": {
    "plan": 24,
    "unique_sticky_activity_id": "15",
    "activity_name": "FGH - to validate the config and approve",
    "milestone_flag": false,
    "start_date": "2022-06-10",
    "end_date": "2022-06-10",
    "level": 4
  }
},
{
  "model": "plan_visual_django.planactivity",
  "pk": 2672,
  "fields": {
    "plan": 24,
    "unique_sticky_activity_id": "16",
    "activity_name": "Discovery",
    "milestone_flag": false,
    "start_date": "2022-06-10",
    "end_date": "2023-08-30",
    "level": 2
  }
},
{
  "model": "plan_visual_django.planactivity",
  "pk": 2673,
  "fields": {
    "plan": 24,
    "unique_sticky_activity_id": "17",
    "activity_name": "Pre work shop questionaire to FGH",
    "milestone_flag": false,
    "start_date": "2022-07-27",
    "end_date": "2022-09-09",
    "level": 3
  }
},
{
  "model": "plan_visual_django.planactivity",
  "pk": 2674,
  "fields": {
    "plan": 24,
    "unique_sticky_activity_id": "18",
    "activity_name": "Requirement Detailing",
    "milestone_flag": false,
    "start_date": "2022-06-10",
    "end_date": "2023-08-30",
    "level": 3
  }
},
{
  "model": "plan_visual_django.planactivity",
  "pk": 2675,
  "fields": {
    "plan": 24,
    "unique_sticky_activity_id": "19",
    "activity_name": "Requirement Detailing for Product Information Management",
    "milestone_flag": false,
    "start_date": "2022-09-20",
    "end_date": "2023-08-21",
    "level": 4
  }
},
{
  "model": "plan_visual_django.planactivity",
  "pk": 2676,
  "fields": {
    "plan": 24,
    "unique_sticky_activity_id": "20",
    "activity_name": "Product Creation discussion with FGH Stocked/Non Stocked and Tracking of Products",
    "milestone_flag": false,
    "start_date": "2022-09-20",
    "end_date": "2023-08-21",
    "level": 5
  }
},
{
  "model": "plan_visual_django.planactivity",
  "pk": 2677,
  "fields": {
    "plan": 24,
    "unique_sticky_activity_id": "21",
    "activity_name": "Discussion on Product master data requirement and storage management for all the products(Inbound & Outbound operations) and Unit Conversions",
    "milestone_flag": false,
    "start_date": "2022-09-20",
    "end_date": "2022-09-20",
    "level": 6
  }
},
{
  "model": "plan_visual_django.planactivity",
  "pk": 2678,
  "fields": {
    "plan": 24,
    "unique_sticky_activity_id": "22",
    "activity_name": "Product Variants / Product Categories and attributes",
    "milestone_flag": false,
    "start_date": "2022-09-21",
    "end_date": "2022-10-04",
    "level": 6
  }
},
{
  "model": "plan_visual_django.planactivity",
  "pk": 2679,
  "fields": {
    "plan": 24,
    "unique_sticky_activity_id": "23",
    "activity_name": "Requirement document creation for Product Information Management",
    "milestone_flag": false,
    "start_date": "2022-10-05",
    "end_date": "2022-10-21",
    "level": 6
  }
},
{
  "model": "plan_visual_django.planactivity",
  "pk": 2680,
  "fields": {
    "plan": 24,
    "unique_sticky_activity_id": "24",
    "activity_name": "Requirement document feedback",
    "milestone_flag": false,
    "start_date": "2022-10-24",
    "end_date": "2022-10-25",
    "level": 6
  }
},
{
  "model": "plan_visual_django.planactivity",
  "pk": 2681,
  "fields": {
    "plan": 24,
    "unique_sticky_activity_id": "25",
    "activity_name": "Requirement document feedback implementation",
    "milestone_flag": false,
    "start_date": "2022-10-24",
    "end_date": "2022-11-11",
    "level": 6
  }
},
{
  "model": "plan_visual_django.planactivity",
  "pk": 2682,
  "fields": {
    "plan": 24,
    "unique_sticky_activity_id": "26",
    "activity_name": "Product Lifecycle - (GEN-997)",
    "milestone_flag": false,
    "start_date": "2023-03-30",
    "end_date": "2023-04-11",
    "level": 6
  }
},
{
  "model": "plan_visual_django.planactivity",
  "pk": 2683,
  "fields": {
    "plan": 24,
    "unique_sticky_activity_id": "27",
    "activity_name": "Meeting 1",
    "milestone_flag": false,
    "start_date": "2023-03-30",
    "end_date": "2023-03-31",
    "level": 7
  }
},
{
  "model": "plan_visual_django.planactivity",
  "pk": 2684,
  "fields": {
    "plan": 24,
    "unique_sticky_activity_id": "28",
    "activity_name": "Meeting 2",
    "milestone_flag": false,
    "start_date": "2023-03-30",
    "end_date": "2023-03-31",
    "level": 7
  }
},
{
  "model": "plan_visual_django.planactivity",
  "pk": 2685,
  "fields": {
    "plan": 24,
    "unique_sticky_activity_id": "29",
    "activity_name": "Meeting 3",
    "milestone_flag": false,
    "start_date": "2023-03-30",
    "end_date": "2023-03-31",
    "level": 7
  }
},
{
  "model": "plan_visual_django.planactivity",
  "pk": 2686,
  "fields": {
    "plan": 24,
    "unique_sticky_activity_id": "30",
    "activity_name": "BRD Updated",
    "milestone_flag": false,
    "start_date": "2023-04-03",
    "end_date": "2023-04-04",
    "level": 7
  }
},
{
  "model": "plan_visual_django.planactivity",
  "pk": 2687,
  "fields": {
    "plan": 24,
    "unique_sticky_activity_id": "31",
    "activity_name": "RR updated",
    "milestone_flag": false,
    "start_date": "2023-04-10",
    "end_date": "2023-04-11",
    "level": 7
  }
},
{
  "model": "plan_visual_django.planactivity",
  "pk": 2688,
  "fields": {
    "plan": 24,
    "unique_sticky_activity_id": "32",
    "activity_name": "EKR meeting (GEN-989)",
    "milestone_flag": false,
    "start_date": "2023-04-03",
    "end_date": "2023-04-27",
    "level": 6
  }
},
{
  "model": "plan_visual_django.planactivity",
  "pk": 2689,
  "fields": {
    "plan": 24,
    "unique_sticky_activity_id": "33",
    "activity_name": "Meeting 1",
    "milestone_flag": false,
    "start_date": "2023-04-03",
    "end_date": "2023-04-03",
    "level": 7
  }
},
{
  "model": "plan_visual_django.planactivity",
  "pk": 2690,
  "fields": {
    "plan": 24,
    "unique_sticky_activity_id": "34",
    "activity_name": "Meeting 2",
    "milestone_flag": false,
    "start_date": "2023-04-18",
    "end_date": "2023-04-18",
    "level": 7
  }
},
{
  "model": "plan_visual_django.planactivity",
  "pk": 2691,
  "fields": {
    "plan": 24,
    "unique_sticky_activity_id": "35",
    "activity_name": "BRD Updated",
    "milestone_flag": false,
    "start_date": "2023-04-26",
    "end_date": "2023-04-26",
    "level": 7
  }
},
{
  "model": "plan_visual_django.planactivity",
  "pk": 2692,
  "fields": {
    "plan": 24,
    "unique_sticky_activity_id": "36",
    "activity_name": "RR Updated",
    "milestone_flag": false,
    "start_date": "2023-04-27",
    "end_date": "2023-04-27",
    "level": 7
  }
},
{
  "model": "plan_visual_django.planactivity",
  "pk": 2693,
  "fields": {
    "plan": 24,
    "unique_sticky_activity_id": "37",
    "activity_name": "BonPrix Integration Layer (GEN-992)",
    "milestone_flag": false,
    "start_date": "2023-04-06",
    "end_date": "2023-04-27",
    "level": 6
  }
},
{
  "model": "plan_visual_django.planactivity",
  "pk": 2694,
  "fields": {
    "plan": 24,
    "unique_sticky_activity_id": "38",
    "activity_name": "Meeting 1",
    "milestone_flag": false,
    "start_date": "2023-04-06",
    "end_date": "2023-04-06",
    "level": 7
  }
},
{
  "model": "plan_visual_django.planactivity",
  "pk": 2695,
  "fields": {
    "plan": 24,
    "unique_sticky_activity_id": "39",
    "activity_name": "Meeting 2",
    "milestone_flag": false,
    "start_date": "2023-04-07",
    "end_date": "2023-04-07",
    "level": 7
  }
},
{
  "model": "plan_visual_django.planactivity",
  "pk": 2696,
  "fields": {
    "plan": 24,
    "unique_sticky_activity_id": "40",
    "activity_name": "BRD Updated",
    "milestone_flag": false,
    "start_date": "2023-04-26",
    "end_date": "2023-04-26",
    "level": 7
  }
},
{
  "model": "plan_visual_django.planactivity",
  "pk": 2697,
  "fields": {
    "plan": 24,
    "unique_sticky_activity_id": "41",
    "activity_name": "RR Updated",
    "milestone_flag": false,
    "start_date": "2023-04-27",
    "end_date": "2023-04-27",
    "level": 7
  }
},
{
  "model": "plan_visual_django.planactivity",
  "pk": 2698,
  "fields": {
    "plan": 24,
    "unique_sticky_activity_id": "42",
    "activity_name": "Witt Intergration Layer (GEN-993)",
    "milestone_flag": false,
    "start_date": "2023-04-12",
    "end_date": "2023-04-27",
    "level": 6
  }
},
{
  "model": "plan_visual_django.planactivity",
  "pk": 2699,
  "fields": {
    "plan": 24,
    "unique_sticky_activity_id": "43",
    "activity_name": "Meeting 1",
    "milestone_flag": false,
    "start_date": "2023-04-12",
    "end_date": "2023-04-12",
    "level": 7
  }
},
{
  "model": "plan_visual_django.planactivity",
  "pk": 2700,
  "fields": {
    "plan": 24,
    "unique_sticky_activity_id": "44",
    "activity_name": "Meeting 2",
    "milestone_flag": false,
    "start_date": "2023-04-13",
    "end_date": "2023-04-13",
    "level": 7
  }
},
{
  "model": "plan_visual_django.planactivity",
  "pk": 2701,
  "fields": {
    "plan": 24,
    "unique_sticky_activity_id": "45",
    "activity_name": "BRD Updated",
    "milestone_flag": false,
    "start_date": "2023-04-26",
    "end_date": "2023-04-26",
    "level": 7
  }
},
{
  "model": "plan_visual_django.planactivity",
  "pk": 2702,
  "fields": {
    "plan": 24,
    "unique_sticky_activity_id": "46",
    "activity_name": "RR Updated",
    "milestone_flag": false,
    "start_date": "2023-04-27",
    "end_date": "2023-04-27",
    "level": 7
  }
},
{
  "model": "plan_visual_django.planactivity",
  "pk": 2703,
  "fields": {
    "plan": 24,
    "unique_sticky_activity_id": "47",
    "activity_name": "DeCapreo (GEN-995)",
    "milestone_flag": false,
    "start_date": "2023-04-04",
    "end_date": "2023-04-27",
    "level": 6
  }
},
{
  "model": "plan_visual_django.planactivity",
  "pk": 2704,
  "fields": {
    "plan": 24,
    "unique_sticky_activity_id": "48",
    "activity_name": "Meeting 1",
    "milestone_flag": false,
    "start_date": "2023-04-04",
    "end_date": "2023-04-04",
    "level": 7
  }
},
{
  "model": "plan_visual_django.planactivity",
  "pk": 2705,
  "fields": {
    "plan": 24,
    "unique_sticky_activity_id": "49",
    "activity_name": "Meeting 2",
    "milestone_flag": false,
    "start_date": "2023-04-11",
    "end_date": "2023-04-11",
    "level": 7
  }
},
{
  "model": "plan_visual_django.planactivity",
  "pk": 2706,
  "fields": {
    "plan": 24,
    "unique_sticky_activity_id": "50",
    "activity_name": "BRD Updated",
    "milestone_flag": false,
    "start_date": "2023-04-26",
    "end_date": "2023-04-26",
    "level": 7
  }
},
{
  "model": "plan_visual_django.planactivity",
  "pk": 2707,
  "fields": {
    "plan": 24,
    "unique_sticky_activity_id": "51",
    "activity_name": "RR Updated",
    "milestone_flag": false,
    "start_date": "2023-04-27",
    "end_date": "2023-04-27",
    "level": 7
  }
},
{
  "model": "plan_visual_django.planactivity",
  "pk": 2708,
  "fields": {
    "plan": 24,
    "unique_sticky_activity_id": "52",
    "activity_name": "Common Item Interface (GEN-1221)",
    "milestone_flag": false,
    "start_date": "2023-04-11",
    "end_date": "2023-05-12",
    "level": 6
  }
},
{
  "model": "plan_visual_django.planactivity",
  "pk": 2709,
  "fields": {
    "plan": 24,
    "unique_sticky_activity_id": "53",
    "activity_name": "Meeting 1",
    "milestone_flag": false,
    "start_date": "2023-04-11",
    "end_date": "2023-04-11",
    "level": 7
  }
},
{
  "model": "plan_visual_django.planactivity",
  "pk": 2710,
  "fields": {
    "plan": 24,
    "unique_sticky_activity_id": "54",
    "activity_name": "Meeting 2",
    "milestone_flag": false,
    "start_date": "2023-05-10",
    "end_date": "2023-05-10",
    "level": 7
  }
},
{
  "model": "plan_visual_django.planactivity",
  "pk": 2711,
  "fields": {
    "plan": 24,
    "unique_sticky_activity_id": "55",
    "activity_name": "BRD Updated",
    "milestone_flag": false,
    "start_date": "2023-05-11",
    "end_date": "2023-05-11",
    "level": 7
  }
},
{
  "model": "plan_visual_django.planactivity",
  "pk": 2712,
  "fields": {
    "plan": 24,
    "unique_sticky_activity_id": "56",
    "activity_name": "RR Updated",
    "milestone_flag": false,
    "start_date": "2023-05-12",
    "end_date": "2023-05-12",
    "level": 7
  }
},
{
  "model": "plan_visual_django.planactivity",
  "pk": 2713,
  "fields": {
    "plan": 24,
    "unique_sticky_activity_id": "57",
    "activity_name": "L2C (GEN-1222)",
    "milestone_flag": false,
    "start_date": "2023-04-13",
    "end_date": "2023-05-12",
    "level": 6
  }
},
{
  "model": "plan_visual_django.planactivity",
  "pk": 2714,
  "fields": {
    "plan": 24,
    "unique_sticky_activity_id": "58",
    "activity_name": "Meeting 1",
    "milestone_flag": false,
    "start_date": "2023-04-13",
    "end_date": "2023-04-13",
    "level": 7
  }
},
{
  "model": "plan_visual_django.planactivity",
  "pk": 2715,
  "fields": {
    "plan": 24,
    "unique_sticky_activity_id": "59",
    "activity_name": "Meeting 2",
    "milestone_flag": false,
    "start_date": "2023-05-10",
    "end_date": "2023-05-10",
    "level": 7
  }
},
{
  "model": "plan_visual_django.planactivity",
  "pk": 2716,
  "fields": {
    "plan": 24,
    "unique_sticky_activity_id": "60",
    "activity_name": "BRD Updated",
    "milestone_flag": false,
    "start_date": "2023-05-11",
    "end_date": "2023-05-11",
    "level": 7
  }
},
{
  "model": "plan_visual_django.planactivity",
  "pk": 2717,
  "fields": {
    "plan": 24,
    "unique_sticky_activity_id": "61",
    "activity_name": "RR Updated",
    "milestone_flag": false,
    "start_date": "2023-05-12",
    "end_date": "2023-05-12",
    "level": 7
  }
},
{
  "model": "plan_visual_django.planactivity",
  "pk": 2718,
  "fields": {
    "plan": 24,
    "unique_sticky_activity_id": "62",
    "activity_name": "FGH L2C",
    "milestone_flag": false,
    "start_date": "2023-04-13",
    "end_date": "2023-04-18",
    "level": 6
  }
},
{
  "model": "plan_visual_django.planactivity",
  "pk": 2719,
  "fields": {
    "plan": 24,
    "unique_sticky_activity_id": "63",
    "activity_name": "Meeting 1",
    "milestone_flag": false,
    "start_date": "2023-04-13",
    "end_date": "2023-04-13",
    "level": 7
  }
},
{
  "model": "plan_visual_django.planactivity",
  "pk": 2720,
  "fields": {
    "plan": 24,
    "unique_sticky_activity_id": "64",
    "activity_name": "BRD Updated",
    "milestone_flag": false,
    "start_date": "2023-04-14",
    "end_date": "2023-04-17",
    "level": 7
  }
},
{
  "model": "plan_visual_django.planactivity",
  "pk": 2721,
  "fields": {
    "plan": 24,
    "unique_sticky_activity_id": "65",
    "activity_name": "RR Updated",
    "milestone_flag": false,
    "start_date": "2023-04-18",
    "end_date": "2023-04-18",
    "level": 7
  }
},
{
  "model": "plan_visual_django.planactivity",
  "pk": 2722,
  "fields": {
    "plan": 24,
    "unique_sticky_activity_id": "66",
    "activity_name": "Witt Customer Order Processing",
    "milestone_flag": false,
    "start_date": "2023-04-11",
    "end_date": "2023-04-13",
    "level": 6
  }
},
{
  "model": "plan_visual_django.planactivity",
  "pk": 2723,
  "fields": {
    "plan": 24,
    "unique_sticky_activity_id": "67",
    "activity_name": "Meeting 1",
    "milestone_flag": false,
    "start_date": "2023-04-11",
    "end_date": "2023-04-13",
    "level": 7
  }
},
{
  "model": "plan_visual_django.planactivity",
  "pk": 2724,
  "fields": {
    "plan": 24,
    "unique_sticky_activity_id": "68",
    "activity_name": "BRD Updated",
    "milestone_flag": false,
    "start_date": "2023-04-12",
    "end_date": "2023-04-12",
    "level": 7
  }
},
{
  "model": "plan_visual_django.planactivity",
  "pk": 2725,
  "fields": {
    "plan": 24,
    "unique_sticky_activity_id": "69",
    "activity_name": "RR Updated",
    "milestone_flag": false,
    "start_date": "2023-04-13",
    "end_date": "2023-04-13",
    "level": 7
  }
},
{
  "model": "plan_visual_django.planactivity",
  "pk": 2726,
  "fields": {
    "plan": 24,
    "unique_sticky_activity_id": "70",
    "activity_name": "MDDW (GEN-1225)",
    "milestone_flag": false,
    "start_date": "2023-04-14",
    "end_date": "2023-04-27",
    "level": 6
  }
},
{
  "model": "plan_visual_django.planactivity",
  "pk": 2727,
  "fields": {
    "plan": 24,
    "unique_sticky_activity_id": "71",
    "activity_name": "Meeting 1",
    "milestone_flag": false,
    "start_date": "2023-04-14",
    "end_date": "2023-04-14",
    "level": 7
  }
},
{
  "model": "plan_visual_django.planactivity",
  "pk": 2728,
  "fields": {
    "plan": 24,
    "unique_sticky_activity_id": "72",
    "activity_name": "Meeting 2",
    "milestone_flag": false,
    "start_date": "2023-04-17",
    "end_date": "2023-04-19",
    "level": 7
  }
},
{
  "model": "plan_visual_django.planactivity",
  "pk": 2729,
  "fields": {
    "plan": 24,
    "unique_sticky_activity_id": "73",
    "activity_name": "Meeting 3",
    "milestone_flag": false,
    "start_date": "2023-04-20",
    "end_date": "2023-04-20",
    "level": 7
  }
},
{
  "model": "plan_visual_django.planactivity",
  "pk": 2730,
  "fields": {
    "plan": 24,
    "unique_sticky_activity_id": "74",
    "activity_name": "BRD Updated",
    "milestone_flag": false,
    "start_date": "2023-04-21",
    "end_date": "2023-04-26",
    "level": 7
  }
},
{
  "model": "plan_visual_django.planactivity",
  "pk": 2731,
  "fields": {
    "plan": 24,
    "unique_sticky_activity_id": "75",
    "activity_name": "RR Updated",
    "milestone_flag": false,
    "start_date": "2023-04-27",
    "end_date": "2023-04-27",
    "level": 7
  }
},
{
  "model": "plan_visual_django.planactivity",
  "pk": 2732,
  "fields": {
    "plan": 24,
    "unique_sticky_activity_id": "76",
    "activity_name": "MPOS (common order) (GEN-1278)",
    "milestone_flag": false,
    "start_date": "2023-05-11",
    "end_date": "2023-05-15",
    "level": 6
  }
},
{
  "model": "plan_visual_django.planactivity",
  "pk": 2733,
  "fields": {
    "plan": 24,
    "unique_sticky_activity_id": "77",
    "activity_name": "Meeting 1",
    "milestone_flag": false,
    "start_date": "2023-05-11",
    "end_date": "2023-05-11",
    "level": 7
  }
},
{
  "model": "plan_visual_django.planactivity",
  "pk": 2734,
  "fields": {
    "plan": 24,
    "unique_sticky_activity_id": "78",
    "activity_name": "BRD Updated",
    "milestone_flag": false,
    "start_date": "2023-05-15",
    "end_date": "2023-05-15",
    "level": 7
  }
},
{
  "model": "plan_visual_django.planactivity",
  "pk": 2735,
  "fields": {
    "plan": 24,
    "unique_sticky_activity_id": "79",
    "activity_name": "RR Updated",
    "milestone_flag": false,
    "start_date": "2023-05-15",
    "end_date": "2023-05-15",
    "level": 7
  }
},
{
  "model": "plan_visual_django.planactivity",
  "pk": 2736,
  "fields": {
    "plan": 24,
    "unique_sticky_activity_id": "80",
    "activity_name": "Delivery Promises (GEN-1118)",
    "milestone_flag": false,
    "start_date": "2023-04-17",
    "end_date": "2023-05-16",
    "level": 6
  }
},
{
  "model": "plan_visual_django.planactivity",
  "pk": 2737,
  "fields": {
    "plan": 24,
    "unique_sticky_activity_id": "81",
    "activity_name": "Meeting 1",
    "milestone_flag": false,
    "start_date": "2023-04-17",
    "end_date": "2023-04-17",
    "level": 7
  }
},
{
  "model": "plan_visual_django.planactivity",
  "pk": 2738,
  "fields": {
    "plan": 24,
    "unique_sticky_activity_id": "82",
    "activity_name": "Meeting 2",
    "milestone_flag": false,
    "start_date": "2023-05-09",
    "end_date": "2023-05-09",
    "level": 7
  }
},
{
  "model": "plan_visual_django.planactivity",
  "pk": 2739,
  "fields": {
    "plan": 24,
    "unique_sticky_activity_id": "83",
    "activity_name": "Meeting 3",
    "milestone_flag": false,
    "start_date": "2023-05-15",
    "end_date": "2023-05-15",
    "level": 7
  }
},
{
  "model": "plan_visual_django.planactivity",
  "pk": 2740,
  "fields": {
    "plan": 24,
    "unique_sticky_activity_id": "84",
    "activity_name": "BRD Updated",
    "milestone_flag": false,
    "start_date": "2023-05-16",
    "end_date": "2023-05-16",
    "level": 7
  }
},
{
  "model": "plan_visual_django.planactivity",
  "pk": 2741,
  "fields": {
    "plan": 24,
    "unique_sticky_activity_id": "85",
    "activity_name": "RR Updated",
    "milestone_flag": false,
    "start_date": "2023-05-16",
    "end_date": "2023-05-16",
    "level": 7
  }
},
{
  "model": "plan_visual_django.planactivity",
  "pk": 2742,
  "fields": {
    "plan": 24,
    "unique_sticky_activity_id": "86",
    "activity_name": "Henson (Gen-1064)",
    "milestone_flag": false,
    "start_date": "2023-03-21",
    "end_date": "2023-05-22",
    "level": 6
  }
},
{
  "model": "plan_visual_django.planactivity",
  "pk": 2743,
  "fields": {
    "plan": 24,
    "unique_sticky_activity_id": "87",
    "activity_name": "Meeting 1",
    "milestone_flag": false,
    "start_date": "2023-03-21",
    "end_date": "2023-03-28",
    "level": 7
  }
},
{
  "model": "plan_visual_django.planactivity",
  "pk": 2744,
  "fields": {
    "plan": 24,
    "unique_sticky_activity_id": "88",
    "activity_name": "Meeting 2",
    "milestone_flag": false,
    "start_date": "2023-04-24",
    "end_date": "2023-04-28",
    "level": 7
  }
},
{
  "model": "plan_visual_django.planactivity",
  "pk": 2745,
  "fields": {
    "plan": 24,
    "unique_sticky_activity_id": "89",
    "activity_name": "Analysis",
    "milestone_flag": false,
    "start_date": "2023-05-01",
    "end_date": "2023-05-10",
    "level": 7
  }
},
{
  "model": "plan_visual_django.planactivity",
  "pk": 2746,
  "fields": {
    "plan": 24,
    "unique_sticky_activity_id": "90",
    "activity_name": "BRD Updated",
    "milestone_flag": false,
    "start_date": "2023-05-11",
    "end_date": "2023-05-15",
    "level": 7
  }
},
{
  "model": "plan_visual_django.planactivity",
  "pk": 2747,
  "fields": {
    "plan": 24,
    "unique_sticky_activity_id": "91",
    "activity_name": "RR Updated",
    "milestone_flag": false,
    "start_date": "2023-05-16",
    "end_date": "2023-05-18",
    "level": 7
  }
},
{
  "model": "plan_visual_django.planactivity",
  "pk": 2748,
  "fields": {
    "plan": 24,
    "unique_sticky_activity_id": "92",
    "activity_name": "Solution Option Paper",
    "milestone_flag": false,
    "start_date": "2023-05-22",
    "end_date": "2023-05-22",
    "level": 7
  }
},
{
  "model": "plan_visual_django.planactivity",
  "pk": 2749,
  "fields": {
    "plan": 24,
    "unique_sticky_activity_id": "93",
    "activity_name": "Split System (GEN-1119)",
    "milestone_flag": false,
    "start_date": "2023-04-20",
    "end_date": "2023-04-27",
    "level": 6
  }
},
{
  "model": "plan_visual_django.planactivity",
  "pk": 2750,
  "fields": {
    "plan": 24,
    "unique_sticky_activity_id": "94",
    "activity_name": "Meeting 1",
    "milestone_flag": false,
    "start_date": "2023-04-20",
    "end_date": "2023-04-20",
    "level": 7
  }
},
{
  "model": "plan_visual_django.planactivity",
  "pk": 2751,
  "fields": {
    "plan": 24,
    "unique_sticky_activity_id": "95",
    "activity_name": "BRD Updated",
    "milestone_flag": false,
    "start_date": "2023-04-26",
    "end_date": "2023-04-26",
    "level": 7
  }
},
{
  "model": "plan_visual_django.planactivity",
  "pk": 2752,
  "fields": {
    "plan": 24,
    "unique_sticky_activity_id": "96",
    "activity_name": "RR Updated",
    "milestone_flag": false,
    "start_date": "2023-04-27",
    "end_date": "2023-04-27",
    "level": 7
  }
},
{
  "model": "plan_visual_django.planactivity",
  "pk": 2753,
  "fields": {
    "plan": 24,
    "unique_sticky_activity_id": "97",
    "activity_name": "IV Invoicing",
    "milestone_flag": false,
    "start_date": "2023-04-20",
    "end_date": "2023-04-27",
    "level": 6
  }
},
{
  "model": "plan_visual_django.planactivity",
  "pk": 2754,
  "fields": {
    "plan": 24,
    "unique_sticky_activity_id": "98",
    "activity_name": "Meeting 1",
    "milestone_flag": false,
    "start_date": "2023-04-20",
    "end_date": "2023-04-20",
    "level": 7
  }
},
{
  "model": "plan_visual_django.planactivity",
  "pk": 2755,
  "fields": {
    "plan": 24,
    "unique_sticky_activity_id": "99",
    "activity_name": "BRD Updated",
    "milestone_flag": false,
    "start_date": "2023-04-26",
    "end_date": "2023-04-26",
    "level": 7
  }
},
{
  "model": "plan_visual_django.planactivity",
  "pk": 2756,
  "fields": {
    "plan": 24,
    "unique_sticky_activity_id": "100",
    "activity_name": "RR Updated",
    "milestone_flag": false,
    "start_date": "2023-04-27",
    "end_date": "2023-04-27",
    "level": 7
  }
},
{
  "model": "plan_visual_django.planactivity",
  "pk": 2757,
  "fields": {
    "plan": 24,
    "unique_sticky_activity_id": "101",
    "activity_name": "Commercial Invoicing",
    "milestone_flag": false,
    "start_date": "2023-05-10",
    "end_date": "2023-06-01",
    "level": 6
  }
},
{
  "model": "plan_visual_django.planactivity",
  "pk": 2758,
  "fields": {
    "plan": 24,
    "unique_sticky_activity_id": "102",
    "activity_name": "Meeting 1",
    "milestone_flag": false,
    "start_date": "2023-05-10",
    "end_date": "2023-05-10",
    "level": 7
  }
},
{
  "model": "plan_visual_django.planactivity",
  "pk": 2759,
  "fields": {
    "plan": 24,
    "unique_sticky_activity_id": "103",
    "activity_name": "Meeting 2",
    "milestone_flag": false,
    "start_date": "2023-05-11",
    "end_date": "2023-05-12",
    "level": 7
  }
},
{
  "model": "plan_visual_django.planactivity",
  "pk": 2760,
  "fields": {
    "plan": 24,
    "unique_sticky_activity_id": "104",
    "activity_name": "BRD Updated",
    "milestone_flag": false,
    "start_date": "2023-06-01",
    "end_date": "2023-06-01",
    "level": 7
  }
},
{
  "model": "plan_visual_django.planactivity",
  "pk": 2761,
  "fields": {
    "plan": 24,
    "unique_sticky_activity_id": "105",
    "activity_name": "RR Updated",
    "milestone_flag": false,
    "start_date": "2023-06-01",
    "end_date": "2023-06-01",
    "level": 7
  }
},
{
  "model": "plan_visual_django.planactivity",
  "pk": 2762,
  "fields": {
    "plan": 24,
    "unique_sticky_activity_id": "106",
    "activity_name": "Costing",
    "milestone_flag": false,
    "start_date": "2023-07-19",
    "end_date": "2023-08-08",
    "level": 6
  }
},
{
  "model": "plan_visual_django.planactivity",
  "pk": 2763,
  "fields": {
    "plan": 24,
    "unique_sticky_activity_id": "107",
    "activity_name": "Meeting 1",
    "milestone_flag": false,
    "start_date": "2023-07-19",
    "end_date": "2023-07-19",
    "level": 7
  }
},
{
  "model": "plan_visual_django.planactivity",
  "pk": 2764,
  "fields": {
    "plan": 24,
    "unique_sticky_activity_id": "108",
    "activity_name": "Meeting 2",
    "milestone_flag": false,
    "start_date": "2023-08-01",
    "end_date": "2023-08-01",
    "level": 7
  }
},
{
  "model": "plan_visual_django.planactivity",
  "pk": 2765,
  "fields": {
    "plan": 24,
    "unique_sticky_activity_id": "109",
    "activity_name": "BRD Updated",
    "milestone_flag": false,
    "start_date": "2023-08-08",
    "end_date": "2023-08-08",
    "level": 7
  }
},
{
  "model": "plan_visual_django.planactivity",
  "pk": 2766,
  "fields": {
    "plan": 24,
    "unique_sticky_activity_id": "110",
    "activity_name": "RR Updated",
    "milestone_flag": false,
    "start_date": "2023-08-08",
    "end_date": "2023-08-08",
    "level": 7
  }
},
{
  "model": "plan_visual_django.planactivity",
  "pk": 2767,
  "fields": {
    "plan": 24,
    "unique_sticky_activity_id": "111",
    "activity_name": "Self Billing (DDTRACK+) (gen-1128)",
    "milestone_flag": false,
    "start_date": "2023-05-31",
    "end_date": "2023-06-01",
    "level": 6
  }
},
{
  "model": "plan_visual_django.planactivity",
  "pk": 2768,
  "fields": {
    "plan": 24,
    "unique_sticky_activity_id": "112",
    "activity_name": "Meeting 1",
    "milestone_flag": false,
    "start_date": "2023-05-31",
    "end_date": "2023-05-31",
    "level": 7
  }
},
{
  "model": "plan_visual_django.planactivity",
  "pk": 2769,
  "fields": {
    "plan": 24,
    "unique_sticky_activity_id": "113",
    "activity_name": "BRD Updated",
    "milestone_flag": false,
    "start_date": "2023-06-01",
    "end_date": "2023-06-01",
    "level": 7
  }
},
{
  "model": "plan_visual_django.planactivity",
  "pk": 2770,
  "fields": {
    "plan": 24,
    "unique_sticky_activity_id": "114",
    "activity_name": "RR Updated",
    "milestone_flag": false,
    "start_date": "2023-06-01",
    "end_date": "2023-06-01",
    "level": 7
  }
},
{
  "model": "plan_visual_django.planactivity",
  "pk": 2771,
  "fields": {
    "plan": 24,
    "unique_sticky_activity_id": "115",
    "activity_name": "3PL (DDTRACK+)",
    "milestone_flag": false,
    "start_date": "2023-05-31",
    "end_date": "2023-06-01",
    "level": 6
  }
},
{
  "model": "plan_visual_django.planactivity",
  "pk": 2772,
  "fields": {
    "plan": 24,
    "unique_sticky_activity_id": "116",
    "activity_name": "Meeting 1",
    "milestone_flag": false,
    "start_date": "2023-05-31",
    "end_date": "2023-05-31",
    "level": 7
  }
},
{
  "model": "plan_visual_django.planactivity",
  "pk": 2773,
  "fields": {
    "plan": 24,
    "unique_sticky_activity_id": "117",
    "activity_name": "BRD Updated",
    "milestone_flag": false,
    "start_date": "2023-06-01",
    "end_date": "2023-06-01",
    "level": 7
  }
},
{
  "model": "plan_visual_django.planactivity",
  "pk": 2774,
  "fields": {
    "plan": 24,
    "unique_sticky_activity_id": "118",
    "activity_name": "RR Updated",
    "milestone_flag": false,
    "start_date": "2023-06-01",
    "end_date": "2023-06-01",
    "level": 7
  }
},
{
  "model": "plan_visual_django.planactivity",
  "pk": 2775,
  "fields": {
    "plan": 24,
    "unique_sticky_activity_id": "119",
    "activity_name": "Parcel Tracking (GEN-1226)",
    "milestone_flag": false,
    "start_date": "2023-04-14",
    "end_date": "2023-05-31",
    "level": 6
  }
},
{
  "model": "plan_visual_django.planactivity",
  "pk": 2776,
  "fields": {
    "plan": 24,
    "unique_sticky_activity_id": "120",
    "activity_name": "Session 1 (including WMS)",
    "milestone_flag": false,
    "start_date": "2023-04-14",
    "end_date": "2023-04-27",
    "level": 7
  }
},
{
  "model": "plan_visual_django.planactivity",
  "pk": 2777,
  "fields": {
    "plan": 24,
    "unique_sticky_activity_id": "121",
    "activity_name": "IIB",
    "milestone_flag": false,
    "start_date": "2023-04-14",
    "end_date": "2023-04-17",
    "level": 8
  }
},
{
  "model": "plan_visual_django.planactivity",
  "pk": 2778,
  "fields": {
    "plan": 24,
    "unique_sticky_activity_id": "122",
    "activity_name": "Parcel Tracking",
    "milestone_flag": false,
    "start_date": "2023-04-18",
    "end_date": "2023-04-19",
    "level": 8
  }
},
{
  "model": "plan_visual_django.planactivity",
  "pk": 2779,
  "fields": {
    "plan": 24,
    "unique_sticky_activity_id": "123",
    "activity_name": "Arrow XL",
    "milestone_flag": false,
    "start_date": "2023-04-20",
    "end_date": "2023-04-21",
    "level": 8
  }
},
{
  "model": "plan_visual_django.planactivity",
  "pk": 2780,
  "fields": {
    "plan": 24,
    "unique_sticky_activity_id": "124",
    "activity_name": "Parcel Force Consignments",
    "milestone_flag": false,
    "start_date": "2023-04-24",
    "end_date": "2023-04-25",
    "level": 8
  }
},
{
  "model": "plan_visual_django.planactivity",
  "pk": 2781,
  "fields": {
    "plan": 24,
    "unique_sticky_activity_id": "125",
    "activity_name": "Pareclforce Tracking",
    "milestone_flag": false,
    "start_date": "2023-04-26",
    "end_date": "2023-04-27",
    "level": 8
  }
},
{
  "model": "plan_visual_django.planactivity",
  "pk": 2782,
  "fields": {
    "plan": 24,
    "unique_sticky_activity_id": "126",
    "activity_name": "Session 2",
    "milestone_flag": false,
    "start_date": "2023-05-04",
    "end_date": "2023-05-31",
    "level": 7
  }
},
{
  "model": "plan_visual_django.planactivity",
  "pk": 2783,
  "fields": {
    "plan": 24,
    "unique_sticky_activity_id": "127",
    "activity_name": "Hermes Tracking",
    "milestone_flag": false,
    "start_date": "2023-05-04",
    "end_date": "2023-05-04",
    "level": 8
  }
},
{
  "model": "plan_visual_django.planactivity",
  "pk": 2784,
  "fields": {
    "plan": 24,
    "unique_sticky_activity_id": "128",
    "activity_name": "Hermes Tracking API",
    "milestone_flag": false,
    "start_date": "2023-05-04",
    "end_date": "2023-05-04",
    "level": 8
  }
},
{
  "model": "plan_visual_django.planactivity",
  "pk": 2785,
  "fields": {
    "plan": 24,
    "unique_sticky_activity_id": "129",
    "activity_name": "Stock Balance Cache",
    "milestone_flag": false,
    "start_date": "2023-05-04",
    "end_date": "2023-05-04",
    "level": 8
  }
},
{
  "model": "plan_visual_django.planactivity",
  "pk": 2786,
  "fields": {
    "plan": 24,
    "unique_sticky_activity_id": "130",
    "activity_name": "Hermes World",
    "milestone_flag": false,
    "start_date": "2023-05-04",
    "end_date": "2023-05-04",
    "level": 8
  }
},
{
  "model": "plan_visual_django.planactivity",
  "pk": 2787,
  "fields": {
    "plan": 24,
    "unique_sticky_activity_id": "131",
    "activity_name": "BRD Updated",
    "milestone_flag": false,
    "start_date": "2023-05-31",
    "end_date": "2023-05-31",
    "level": 8
  }
},
{
  "model": "plan_visual_django.planactivity",
  "pk": 2788,
  "fields": {
    "plan": 24,
    "unique_sticky_activity_id": "132",
    "activity_name": "RR Updated",
    "milestone_flag": false,
    "start_date": "2023-05-31",
    "end_date": "2023-05-31",
    "level": 8
  }
},
{
  "model": "plan_visual_django.planactivity",
  "pk": 2789,
  "fields": {
    "plan": 24,
    "unique_sticky_activity_id": "133",
    "activity_name": "Imports/Langdons",
    "milestone_flag": false,
    "start_date": "2023-04-25",
    "end_date": "2023-05-03",
    "level": 6
  }
},
{
  "model": "plan_visual_django.planactivity",
  "pk": 2790,
  "fields": {
    "plan": 24,
    "unique_sticky_activity_id": "134",
    "activity_name": "Meeting 1",
    "milestone_flag": false,
    "start_date": "2023-04-25",
    "end_date": "2023-04-25",
    "level": 7
  }
},
{
  "model": "plan_visual_django.planactivity",
  "pk": 2791,
  "fields": {
    "plan": 24,
    "unique_sticky_activity_id": "135",
    "activity_name": "Meeting 2",
    "milestone_flag": false,
    "start_date": "2023-04-25",
    "end_date": "2023-04-25",
    "level": 7
  }
},
{
  "model": "plan_visual_django.planactivity",
  "pk": 2792,
  "fields": {
    "plan": 24,
    "unique_sticky_activity_id": "136",
    "activity_name": "BRD Updated",
    "milestone_flag": false,
    "start_date": "2023-05-03",
    "end_date": "2023-05-03",
    "level": 7
  }
},
{
  "model": "plan_visual_django.planactivity",
  "pk": 2793,
  "fields": {
    "plan": 24,
    "unique_sticky_activity_id": "137",
    "activity_name": "RR Updated",
    "milestone_flag": false,
    "start_date": "2023-05-03",
    "end_date": "2023-05-03",
    "level": 7
  }
},
{
  "model": "plan_visual_django.planactivity",
  "pk": 2794,
  "fields": {
    "plan": 24,
    "unique_sticky_activity_id": "138",
    "activity_name": "Common Tracking",
    "milestone_flag": false,
    "start_date": "2023-05-10",
    "end_date": "2023-05-31",
    "level": 6
  }
},
{
  "model": "plan_visual_django.planactivity",
  "pk": 2795,
  "fields": {
    "plan": 24,
    "unique_sticky_activity_id": "139",
    "activity_name": "Meeting 1",
    "milestone_flag": false,
    "start_date": "2023-05-10",
    "end_date": "2023-05-10",
    "level": 7
  }
},
{
  "model": "plan_visual_django.planactivity",
  "pk": 2796,
  "fields": {
    "plan": 24,
    "unique_sticky_activity_id": "140",
    "activity_name": "BRD Updated",
    "milestone_flag": false,
    "start_date": "2023-05-31",
    "end_date": "2023-05-31",
    "level": 7
  }
},
{
  "model": "plan_visual_django.planactivity",
  "pk": 2797,
  "fields": {
    "plan": 24,
    "unique_sticky_activity_id": "141",
    "activity_name": "RR Updated",
    "milestone_flag": false,
    "start_date": "2023-05-31",
    "end_date": "2023-05-31",
    "level": 7
  }
},
{
  "model": "plan_visual_django.planactivity",
  "pk": 2798,
  "fields": {
    "plan": 24,
    "unique_sticky_activity_id": "142",
    "activity_name": "Stock Balances (GEN-1223)",
    "milestone_flag": false,
    "start_date": "2023-04-03",
    "end_date": "2023-04-06",
    "level": 6
  }
},
{
  "model": "plan_visual_django.planactivity",
  "pk": 2799,
  "fields": {
    "plan": 24,
    "unique_sticky_activity_id": "143",
    "activity_name": "Meetings 1",
    "milestone_flag": false,
    "start_date": "2023-04-03",
    "end_date": "2023-04-03",
    "level": 7
  }
},
{
  "model": "plan_visual_django.planactivity",
  "pk": 2800,
  "fields": {
    "plan": 24,
    "unique_sticky_activity_id": "144",
    "activity_name": "Meeting",
    "milestone_flag": false,
    "start_date": "2023-04-04",
    "end_date": "2023-04-04",
    "level": 7
  }
},
{
  "model": "plan_visual_django.planactivity",
  "pk": 2801,
  "fields": {
    "plan": 24,
    "unique_sticky_activity_id": "145",
    "activity_name": "BRD Updated",
    "milestone_flag": false,
    "start_date": "2023-04-06",
    "end_date": "2023-04-06",
    "level": 7
  }
},
{
  "model": "plan_visual_django.planactivity",
  "pk": 2802,
  "fields": {
    "plan": 24,
    "unique_sticky_activity_id": "146",
    "activity_name": "RR Updated",
    "milestone_flag": false,
    "start_date": "2023-04-06",
    "end_date": "2023-04-06",
    "level": 7
  }
},
{
  "model": "plan_visual_django.planactivity",
  "pk": 2803,
  "fields": {
    "plan": 24,
    "unique_sticky_activity_id": "147",
    "activity_name": "DDtrack & DDtrack+ (GEN-1219)",
    "milestone_flag": false,
    "start_date": "2023-04-27",
    "end_date": "2023-05-08",
    "level": 6
  }
},
{
  "model": "plan_visual_django.planactivity",
  "pk": 2804,
  "fields": {
    "plan": 24,
    "unique_sticky_activity_id": "148",
    "activity_name": "Meeting 1",
    "milestone_flag": false,
    "start_date": "2023-04-27",
    "end_date": "2023-05-03",
    "level": 7
  }
},
{
  "model": "plan_visual_django.planactivity",
  "pk": 2805,
  "fields": {
    "plan": 24,
    "unique_sticky_activity_id": "149",
    "activity_name": "Analysis document",
    "milestone_flag": false,
    "start_date": "2023-05-01",
    "end_date": "2023-05-05",
    "level": 7
  }
},
{
  "model": "plan_visual_django.planactivity",
  "pk": 2806,
  "fields": {
    "plan": 24,
    "unique_sticky_activity_id": "150",
    "activity_name": "BRD Updated",
    "milestone_flag": false,
    "start_date": "2023-05-08",
    "end_date": "2023-05-08",
    "level": 7
  }
},
{
  "model": "plan_visual_django.planactivity",
  "pk": 2807,
  "fields": {
    "plan": 24,
    "unique_sticky_activity_id": "151",
    "activity_name": "RR Updated",
    "milestone_flag": false,
    "start_date": "2023-05-08",
    "end_date": "2023-05-08",
    "level": 7
  }
},
{
  "model": "plan_visual_django.planactivity",
  "pk": 2808,
  "fields": {
    "plan": 24,
    "unique_sticky_activity_id": "152",
    "activity_name": "Item Talk (GEN-990)",
    "milestone_flag": false,
    "start_date": "2023-05-01",
    "end_date": "2023-05-02",
    "level": 6
  }
},
{
  "model": "plan_visual_django.planactivity",
  "pk": 2809,
  "fields": {
    "plan": 24,
    "unique_sticky_activity_id": "153",
    "activity_name": "Meeting 1",
    "milestone_flag": false,
    "start_date": "2023-05-01",
    "end_date": "2023-05-01",
    "level": 7
  }
},
{
  "model": "plan_visual_django.planactivity",
  "pk": 2810,
  "fields": {
    "plan": 24,
    "unique_sticky_activity_id": "154",
    "activity_name": "Meeting 2",
    "milestone_flag": false,
    "start_date": "2023-05-02",
    "end_date": "2023-05-02",
    "level": 7
  }
},
{
  "model": "plan_visual_django.planactivity",
  "pk": 2811,
  "fields": {
    "plan": 24,
    "unique_sticky_activity_id": "155",
    "activity_name": "BRD Updated",
    "milestone_flag": false,
    "start_date": "2023-05-02",
    "end_date": "2023-05-02",
    "level": 7
  }
},
{
  "model": "plan_visual_django.planactivity",
  "pk": 2812,
  "fields": {
    "plan": 24,
    "unique_sticky_activity_id": "156",
    "activity_name": "RR Updated",
    "milestone_flag": false,
    "start_date": "2023-05-02",
    "end_date": "2023-05-02",
    "level": 7
  }
},
{
  "model": "plan_visual_django.planactivity",
  "pk": 2813,
  "fields": {
    "plan": 24,
    "unique_sticky_activity_id": "157",
    "activity_name": "Commodity Codes (GEN-1279)",
    "milestone_flag": false,
    "start_date": "2023-07-13",
    "end_date": "2023-07-27",
    "level": 6
  }
},
{
  "model": "plan_visual_django.planactivity",
  "pk": 2814,
  "fields": {
    "plan": 24,
    "unique_sticky_activity_id": "158",
    "activity_name": "Meeting 1",
    "milestone_flag": false,
    "start_date": "2023-07-13",
    "end_date": "2023-07-13",
    "level": 7
  }
},
{
  "model": "plan_visual_django.planactivity",
  "pk": 2815,
  "fields": {
    "plan": 24,
    "unique_sticky_activity_id": "159",
    "activity_name": "Meeting 2",
    "milestone_flag": false,
    "start_date": "2023-07-17",
    "end_date": "2023-07-17",
    "level": 7
  }
},
{
  "model": "plan_visual_django.planactivity",
  "pk": 2816,
  "fields": {
    "plan": 24,
    "unique_sticky_activity_id": "160",
    "activity_name": "BRD Updated",
    "milestone_flag": false,
    "start_date": "2023-07-27",
    "end_date": "2023-07-27",
    "level": 7
  }
},
{
  "model": "plan_visual_django.planactivity",
  "pk": 2817,
  "fields": {
    "plan": 24,
    "unique_sticky_activity_id": "161",
    "activity_name": "RR Updated",
    "milestone_flag": false,
    "start_date": "2023-07-27",
    "end_date": "2023-07-27",
    "level": 7
  }
},
{
  "model": "plan_visual_django.planactivity",
  "pk": 2818,
  "fields": {
    "plan": 24,
    "unique_sticky_activity_id": "162",
    "activity_name": "Pimberley",
    "milestone_flag": false,
    "start_date": "2023-08-09",
    "end_date": "2023-08-21",
    "level": 6
  }
},
{
  "model": "plan_visual_django.planactivity",
  "pk": 2819,
  "fields": {
    "plan": 24,
    "unique_sticky_activity_id": "163",
    "activity_name": "Meeting 1",
    "milestone_flag": false,
    "start_date": "2023-08-09",
    "end_date": "2023-08-10",
    "level": 7
  }
},
{
  "model": "plan_visual_django.planactivity",
  "pk": 2820,
  "fields": {
    "plan": 24,
    "unique_sticky_activity_id": "164",
    "activity_name": "Meeting 2",
    "milestone_flag": false,
    "start_date": "2023-08-11",
    "end_date": "2023-08-11",
    "level": 7
  }
},
{
  "model": "plan_visual_django.planactivity",
  "pk": 2821,
  "fields": {
    "plan": 24,
    "unique_sticky_activity_id": "165",
    "activity_name": "Analysis Document",
    "milestone_flag": false,
    "start_date": "2023-08-14",
    "end_date": "2023-08-16",
    "level": 7
  }
},
{
  "model": "plan_visual_django.planactivity",
  "pk": 2822,
  "fields": {
    "plan": 24,
    "unique_sticky_activity_id": "166",
    "activity_name": "BRD Updated",
    "milestone_flag": false,
    "start_date": "2023-08-17",
    "end_date": "2023-08-18",
    "level": 7
  }
},
{
  "model": "plan_visual_django.planactivity",
  "pk": 2823,
  "fields": {
    "plan": 24,
    "unique_sticky_activity_id": "167",
    "activity_name": "RR Updated",
    "milestone_flag": false,
    "start_date": "2023-08-21",
    "end_date": "2023-08-21",
    "level": 7
  }
},
{
  "model": "plan_visual_django.planactivity",
  "pk": 2824,
  "fields": {
    "plan": 24,
    "unique_sticky_activity_id": "168",
    "activity_name": "Requirement Detailing for Customer Master",
    "milestone_flag": false,
    "start_date": "2022-11-04",
    "end_date": "2022-11-08",
    "level": 4
  }
},
{
  "model": "plan_visual_django.planactivity",
  "pk": 2825,
  "fields": {
    "plan": 24,
    "unique_sticky_activity_id": "169",
    "activity_name": "Relationship Initiation process Identifying Potential Customers, Customer creation process",
    "milestone_flag": false,
    "start_date": "2022-11-04",
    "end_date": "2022-11-08",
    "level": 5
  }
},
{
  "model": "plan_visual_django.planactivity",
  "pk": 2826,
  "fields": {
    "plan": 24,
    "unique_sticky_activity_id": "170",
    "activity_name": "Discussion on Customer master data (Different Fields like Categorization of Business, Payment Defaults, Credit rating & limit ..) and Customer Specific MIS Reports",
    "milestone_flag": false,
    "start_date": "2022-11-04",
    "end_date": "2022-11-04",
    "level": 6
  }
},
{
  "model": "plan_visual_django.planactivity",
  "pk": 2827,
  "fields": {
    "plan": 24,
    "unique_sticky_activity_id": "171",
    "activity_name": "Customer Master & Sub Master Discussion",
    "milestone_flag": false,
    "start_date": "2022-11-07",
    "end_date": "2022-11-07",
    "level": 6
  }
},
{
  "model": "plan_visual_django.planactivity",
  "pk": 2828,
  "fields": {
    "plan": 24,
    "unique_sticky_activity_id": "172",
    "activity_name": "Requirement Document preparation for Customer Master",
    "milestone_flag": false,
    "start_date": "2022-11-04",
    "end_date": "2022-11-08",
    "level": 6
  }
},
{
  "model": "plan_visual_django.planactivity",
  "pk": 2829,
  "fields": {
    "plan": 24,
    "unique_sticky_activity_id": "173",
    "activity_name": "Requirement Detailing for Sales Order Management",
    "milestone_flag": false,
    "start_date": "2022-11-01",
    "end_date": "2023-02-13",
    "level": 4
  }
},
{
  "model": "plan_visual_django.planactivity",
  "pk": 2830,
  "fields": {
    "plan": 24,
    "unique_sticky_activity_id": "174",
    "activity_name": "Sales Delivery Management",
    "milestone_flag": false,
    "start_date": "2022-11-01",
    "end_date": "2023-01-06",
    "level": 5
  }
},
{
  "model": "plan_visual_django.planactivity",
  "pk": 2831,
  "fields": {
    "plan": 24,
    "unique_sticky_activity_id": "175",
    "activity_name": "Sales Order Sub-Master Discussion",
    "milestone_flag": false,
    "start_date": "2023-01-09",
    "end_date": "2023-01-09",
    "level": 5
  }
},
{
  "model": "plan_visual_django.planactivity",
  "pk": 2832,
  "fields": {
    "plan": 24,
    "unique_sticky_activity_id": "176",
    "activity_name": "Sales categories / Classification groups /Sales Order Pools / Sales Origin / Sales Order Hold Codes",
    "milestone_flag": false,
    "start_date": "2023-01-10",
    "end_date": "2023-01-20",
    "level": 5
  }
},
{
  "model": "plan_visual_django.planactivity",
  "pk": 2833,
  "fields": {
    "plan": 24,
    "unique_sticky_activity_id": "177",
    "activity_name": "Trade Agreements / Sales Agreements (Prices and discounts)",
    "milestone_flag": false,
    "start_date": "2023-01-23",
    "end_date": "2023-01-23",
    "level": 5
  }
},
{
  "model": "plan_visual_django.planactivity",
  "pk": 2834,
  "fields": {
    "plan": 24,
    "unique_sticky_activity_id": "178",
    "activity_name": "Sales Return Process Discussion",
    "milestone_flag": false,
    "start_date": "2023-01-23",
    "end_date": "2023-01-23",
    "level": 5
  }
},
{
  "model": "plan_visual_django.planactivity",
  "pk": 2835,
  "fields": {
    "plan": 24,
    "unique_sticky_activity_id": "179",
    "activity_name": "Requirement document for Sales Order Processing",
    "milestone_flag": false,
    "start_date": "2023-01-24",
    "end_date": "2023-02-10",
    "level": 5
  }
},
{
  "model": "plan_visual_django.planactivity",
  "pk": 2836,
  "fields": {
    "plan": 24,
    "unique_sticky_activity_id": "180",
    "activity_name": "Sales Order Lifecycle - Deliverable Document - Approved",
    "milestone_flag": false,
    "start_date": "2023-02-13",
    "end_date": "2023-02-13",
    "level": 5
  }
},
{
  "model": "plan_visual_django.planactivity",
  "pk": 2837,
  "fields": {
    "plan": 24,
    "unique_sticky_activity_id": "181",
    "activity_name": "Requirement Detailing for Procurement and sourcing",
    "milestone_flag": false,
    "start_date": "2022-06-10",
    "end_date": "2023-08-28",
    "level": 4
  }
},
{
  "model": "plan_visual_django.planactivity",
  "pk": 2838,
  "fields": {
    "plan": 24,
    "unique_sticky_activity_id": "182",
    "activity_name": "Procurement and sourcing",
    "milestone_flag": false,
    "start_date": "2022-11-17",
    "end_date": "2023-02-27",
    "level": 5
  }
},
{
  "model": "plan_visual_django.planactivity",
  "pk": 2839,
  "fields": {
    "plan": 24,
    "unique_sticky_activity_id": "183",
    "activity_name": "Vendors (Vendor Master) Discussion",
    "milestone_flag": false,
    "start_date": "2022-11-17",
    "end_date": "2022-12-14",
    "level": 6
  }
},
{
  "model": "plan_visual_django.planactivity",
  "pk": 2840,
  "fields": {
    "plan": 24,
    "unique_sticky_activity_id": "184",
    "activity_name": "Vendor Master & Sub Master Discussion",
    "milestone_flag": false,
    "start_date": "2022-12-15",
    "end_date": "2022-12-15",
    "level": 6
  }
},
{
  "model": "plan_visual_django.planactivity",
  "pk": 2841,
  "fields": {
    "plan": 24,
    "unique_sticky_activity_id": "185",
    "activity_name": "Purchase Order Management Discussion",
    "milestone_flag": false,
    "start_date": "2022-12-16",
    "end_date": "2023-01-12",
    "level": 6
  }
},
{
  "model": "plan_visual_django.planactivity",
  "pk": 2842,
  "fields": {
    "plan": 24,
    "unique_sticky_activity_id": "186",
    "activity_name": "Purchase Order Sub-Master Discussion",
    "milestone_flag": false,
    "start_date": "2023-01-13",
    "end_date": "2023-01-13",
    "level": 6
  }
},
{
  "model": "plan_visual_django.planactivity",
  "pk": 2843,
  "fields": {
    "plan": 24,
    "unique_sticky_activity_id": "187",
    "activity_name": "Purchase Pools/ Reason / Buyer group",
    "milestone_flag": false,
    "start_date": "2023-01-16",
    "end_date": "2023-01-16",
    "level": 6
  }
},
{
  "model": "plan_visual_django.planactivity",
  "pk": 2844,
  "fields": {
    "plan": 24,
    "unique_sticky_activity_id": "188",
    "activity_name": "Import/Exports - Discussions",
    "milestone_flag": false,
    "start_date": "2023-01-17",
    "end_date": "2023-01-23",
    "level": 6
  }
},
{
  "model": "plan_visual_django.planactivity",
  "pk": 2845,
  "fields": {
    "plan": 24,
    "unique_sticky_activity_id": "189",
    "activity_name": "Costings",
    "milestone_flag": false,
    "start_date": "2023-01-24",
    "end_date": "2023-01-24",
    "level": 6
  }
},
{
  "model": "plan_visual_django.planactivity",
  "pk": 2846,
  "fields": {
    "plan": 24,
    "unique_sticky_activity_id": "190",
    "activity_name": "Purchase Return Process Discussion",
    "milestone_flag": false,
    "start_date": "2023-01-25",
    "end_date": "2023-01-27",
    "level": 6
  }
},
{
  "model": "plan_visual_django.planactivity",
  "pk": 2847,
  "fields": {
    "plan": 24,
    "unique_sticky_activity_id": "191",
    "activity_name": "Requirement document for Procurement and Sourcing",
    "milestone_flag": false,
    "start_date": "2023-01-30",
    "end_date": "2023-02-24",
    "level": 6
  }
},
{
  "model": "plan_visual_django.planactivity",
  "pk": 2848,
  "fields": {
    "plan": 24,
    "unique_sticky_activity_id": "192",
    "activity_name": "Purchase Order Lifecycle - Deliverable Document - Approved",
    "milestone_flag": false,
    "start_date": "2023-02-27",
    "end_date": "2023-02-27",
    "level": 6
  }
},
{
  "model": "plan_visual_django.planactivity",
  "pk": 2849,
  "fields": {
    "plan": 24,
    "unique_sticky_activity_id": "193",
    "activity_name": "Requirement Detailing for Inventory and Financial Posting",
    "milestone_flag": false,
    "start_date": "2023-05-10",
    "end_date": "2023-05-31",
    "level": 5
  }
},
{
  "model": "plan_visual_django.planactivity",
  "pk": 2850,
  "fields": {
    "plan": 24,
    "unique_sticky_activity_id": "194",
    "activity_name": "Accounts Payable",
    "milestone_flag": false,
    "start_date": "2023-05-10",
    "end_date": "2023-05-11",
    "level": 6
  }
},
{
  "model": "plan_visual_django.planactivity",
  "pk": 2851,
  "fields": {
    "plan": 24,
    "unique_sticky_activity_id": "195",
    "activity_name": "Accounts Receivable",
    "milestone_flag": false,
    "start_date": "2023-05-12",
    "end_date": "2023-05-15",
    "level": 6
  }
},
{
  "model": "plan_visual_django.planactivity",
  "pk": 2852,
  "fields": {
    "plan": 24,
    "unique_sticky_activity_id": "196",
    "activity_name": "Inventory Postings",
    "milestone_flag": false,
    "start_date": "2023-05-16",
    "end_date": "2023-05-17",
    "level": 6
  }
},
{
  "model": "plan_visual_django.planactivity",
  "pk": 2853,
  "fields": {
    "plan": 24,
    "unique_sticky_activity_id": "197",
    "activity_name": "Customs processes/reporting",
    "milestone_flag": false,
    "start_date": "2023-05-18",
    "end_date": "2023-05-31",
    "level": 6
  }
},
{
  "model": "plan_visual_django.planactivity",
  "pk": 2854,
  "fields": {
    "plan": 24,
    "unique_sticky_activity_id": "198",
    "activity_name": "Integration Requirement understanding",
    "milestone_flag": false,
    "start_date": "2022-06-10",
    "end_date": "2023-03-28",
    "level": 5
  }
},
{
  "model": "plan_visual_django.planactivity",
  "pk": 2855,
  "fields": {
    "plan": 24,
    "unique_sticky_activity_id": "199",
    "activity_name": "Integration Strategy",
    "milestone_flag": false,
    "start_date": "2022-06-10",
    "end_date": "2022-07-07",
    "level": 6
  }
},
{
  "model": "plan_visual_django.planactivity",
  "pk": 2856,
  "fields": {
    "plan": 24,
    "unique_sticky_activity_id": "200",
    "activity_name": "Integration with WMS",
    "milestone_flag": false,
    "start_date": "2023-02-16",
    "end_date": "2023-03-01",
    "level": 6
  }
},
{
  "model": "plan_visual_django.planactivity",
  "pk": 2857,
  "fields": {
    "plan": 24,
    "unique_sticky_activity_id": "201",
    "activity_name": "Integration with E-Commerce",
    "milestone_flag": false,
    "start_date": "2023-03-02",
    "end_date": "2023-03-15",
    "level": 6
  }
},
{
  "model": "plan_visual_django.planactivity",
  "pk": 2858,
  "fields": {
    "plan": 24,
    "unique_sticky_activity_id": "202",
    "activity_name": "Integration with CRM",
    "milestone_flag": false,
    "start_date": "2023-03-16",
    "end_date": "2023-03-16",
    "level": 6
  }
},
{
  "model": "plan_visual_django.planactivity",
  "pk": 2859,
  "fields": {
    "plan": 24,
    "unique_sticky_activity_id": "203",
    "activity_name": "Other integrations",
    "milestone_flag": false,
    "start_date": "2023-03-17",
    "end_date": "2023-03-28",
    "level": 6
  }
},
{
  "model": "plan_visual_django.planactivity",
  "pk": 2860,
  "fields": {
    "plan": 24,
    "unique_sticky_activity_id": "204",
    "activity_name": "Cross tower Requirements",
    "milestone_flag": false,
    "start_date": "2023-07-04",
    "end_date": "2023-08-28",
    "level": 5
  }
},
{
  "model": "plan_visual_django.planactivity",
  "pk": 2861,
  "fields": {
    "plan": 24,
    "unique_sticky_activity_id": "205",
    "activity_name": "Import export",
    "milestone_flag": false,
    "start_date": "2023-07-04",
    "end_date": "2023-07-10",
    "level": 6
  }
},
{
  "model": "plan_visual_django.planactivity",
  "pk": 2862,
  "fields": {
    "plan": 24,
    "unique_sticky_activity_id": "206",
    "activity_name": "Costings",
    "milestone_flag": false,
    "start_date": "2023-08-16",
    "end_date": "2023-08-17",
    "level": 6
  }
},
{
  "model": "plan_visual_django.planactivity",
  "pk": 2863,
  "fields": {
    "plan": 24,
    "unique_sticky_activity_id": "207",
    "activity_name": "Purschase return discussion",
    "milestone_flag": false,
    "start_date": "2023-08-18",
    "end_date": "2023-08-18",
    "level": 6
  }
},
{
  "model": "plan_visual_django.planactivity",
  "pk": 2864,
  "fields": {
    "plan": 24,
    "unique_sticky_activity_id": "208",
    "activity_name": "BRD Updated",
    "milestone_flag": false,
    "start_date": "2023-08-21",
    "end_date": "2023-08-25",
    "level": 6
  }
},
{
  "model": "plan_visual_django.planactivity",
  "pk": 2865,
  "fields": {
    "plan": 24,
    "unique_sticky_activity_id": "209",
    "activity_name": "RR Updated",
    "milestone_flag": false,
    "start_date": "2023-08-28",
    "end_date": "2023-08-28",
    "level": 6
  }
},
{
  "model": "plan_visual_django.planactivity",
  "pk": 2866,
  "fields": {
    "plan": 24,
    "unique_sticky_activity_id": "210",
    "activity_name": "Business Proceeds Sign-Off",
    "milestone_flag": false,
    "start_date": "2022-06-10",
    "end_date": "2023-08-30",
    "level": 4
  }
},
{
  "model": "plan_visual_django.planactivity",
  "pk": 2867,
  "fields": {
    "plan": 24,
    "unique_sticky_activity_id": "211",
    "activity_name": "Requirements Register",
    "milestone_flag": false,
    "start_date": "2022-06-10",
    "end_date": "2023-08-30",
    "level": 5
  }
},
{
  "model": "plan_visual_django.planactivity",
  "pk": 2868,
  "fields": {
    "plan": 24,
    "unique_sticky_activity_id": "212",
    "activity_name": "FIT-GAP Analysis for SCM Modules",
    "milestone_flag": false,
    "start_date": "2022-06-10",
    "end_date": "2022-09-27",
    "level": 6
  }
},
{
  "model": "plan_visual_django.planactivity",
  "pk": 2869,
  "fields": {
    "plan": 24,
    "unique_sticky_activity_id": "213",
    "activity_name": "Business Requirement Document sign of",
    "milestone_flag": false,
    "start_date": "2023-05-12",
    "end_date": "2023-08-30",
    "level": 6
  }
},
{
  "model": "plan_visual_django.planactivity",
  "pk": 2870,
  "fields": {
    "plan": 24,
    "unique_sticky_activity_id": "214",
    "activity_name": "Draft",
    "milestone_flag": false,
    "start_date": "2023-05-12",
    "end_date": "2023-05-12",
    "level": 7
  }
},
{
  "model": "plan_visual_django.planactivity",
  "pk": 2871,
  "fields": {
    "plan": 24,
    "unique_sticky_activity_id": "215",
    "activity_name": "FGH Review",
    "milestone_flag": false,
    "start_date": "2023-05-15",
    "end_date": "2023-08-28",
    "level": 7
  }
},
{
  "model": "plan_visual_django.planactivity",
  "pk": 2872,
  "fields": {
    "plan": 24,
    "unique_sticky_activity_id": "216",
    "activity_name": "Approval and Sign off",
    "milestone_flag": false,
    "start_date": "2023-08-29",
    "end_date": "2023-08-30",
    "level": 7
  }
},
{
  "model": "plan_visual_django.planactivity",
  "pk": 2873,
  "fields": {
    "plan": 24,
    "unique_sticky_activity_id": "217",
    "activity_name": "Requirement Register",
    "milestone_flag": false,
    "start_date": "2023-05-12",
    "end_date": "2023-08-30",
    "level": 6
  }
},
{
  "model": "plan_visual_django.planactivity",
  "pk": 2874,
  "fields": {
    "plan": 24,
    "unique_sticky_activity_id": "218",
    "activity_name": "Draft",
    "milestone_flag": false,
    "start_date": "2023-05-12",
    "end_date": "2023-05-12",
    "level": 7
  }
},
{
  "model": "plan_visual_django.planactivity",
  "pk": 2875,
  "fields": {
    "plan": 24,
    "unique_sticky_activity_id": "219",
    "activity_name": "FGH Review",
    "milestone_flag": false,
    "start_date": "2023-05-15",
    "end_date": "2023-08-28",
    "level": 7
  }
},
{
  "model": "plan_visual_django.planactivity",
  "pk": 2876,
  "fields": {
    "plan": 24,
    "unique_sticky_activity_id": "220",
    "activity_name": "Approval and Sign off",
    "milestone_flag": false,
    "start_date": "2023-08-29",
    "end_date": "2023-08-30",
    "level": 7
  }
},
{
  "model": "plan_visual_django.planactivity",
  "pk": 2877,
  "fields": {
    "plan": 24,
    "unique_sticky_activity_id": "221",
    "activity_name": "Design and Configure",
    "milestone_flag": false,
    "start_date": "2023-08-31",
    "end_date": "2024-01-03",
    "level": 2
  }
},
{
  "model": "plan_visual_django.planactivity",
  "pk": 2878,
  "fields": {
    "plan": 24,
    "unique_sticky_activity_id": "222",
    "activity_name": "SBR Documentation for SCM",
    "milestone_flag": false,
    "start_date": "2023-10-03",
    "end_date": "2023-12-12",
    "level": 3
  }
},
{
  "model": "plan_visual_django.planactivity",
  "pk": 2879,
  "fields": {
    "plan": 24,
    "unique_sticky_activity_id": "223",
    "activity_name": "Preparation",
    "milestone_flag": false,
    "start_date": "2023-10-03",
    "end_date": "2023-12-04",
    "level": 4
  }
},
{
  "model": "plan_visual_django.planactivity",
  "pk": 2880,
  "fields": {
    "plan": 24,
    "unique_sticky_activity_id": "224",
    "activity_name": "walkthrough",
    "milestone_flag": false,
    "start_date": "2023-12-05",
    "end_date": "2023-12-05",
    "level": 4
  }
},
{
  "model": "plan_visual_django.planactivity",
  "pk": 2881,
  "fields": {
    "plan": 24,
    "unique_sticky_activity_id": "225",
    "activity_name": "feedbback and updates",
    "milestone_flag": false,
    "start_date": "2023-12-06",
    "end_date": "2023-12-12",
    "level": 4
  }
},
{
  "model": "plan_visual_django.planactivity",
  "pk": 2882,
  "fields": {
    "plan": 24,
    "unique_sticky_activity_id": "226",
    "activity_name": "Functional Design Document (FDD)",
    "milestone_flag": false,
    "start_date": "2023-08-31",
    "end_date": "2024-01-03",
    "level": 3
  }
},
{
  "model": "plan_visual_django.planactivity",
  "pk": 2883,
  "fields": {
    "plan": 24,
    "unique_sticky_activity_id": "227",
    "activity_name": "Functional Design Document preparation for Gaps, Integrations and Customizations",
    "milestone_flag": false,
    "start_date": "2023-08-31",
    "end_date": "2024-01-03",
    "level": 4
  }
},
{
  "model": "plan_visual_django.planactivity",
  "pk": 2884,
  "fields": {
    "plan": 24,
    "unique_sticky_activity_id": "228",
    "activity_name": "Functional Design document preparation ( Based on customization )- Submit",
    "milestone_flag": false,
    "start_date": "2023-08-31",
    "end_date": "2023-12-20",
    "level": 5
  }
},
{
  "model": "plan_visual_django.planactivity",
  "pk": 2885,
  "fields": {
    "plan": 24,
    "unique_sticky_activity_id": "229",
    "activity_name": "Feedback from FGH on Functional design document",
    "milestone_flag": false,
    "start_date": "2023-09-07",
    "end_date": "2023-12-28",
    "level": 5
  }
},
{
  "model": "plan_visual_django.planactivity",
  "pk": 2886,
  "fields": {
    "plan": 24,
    "unique_sticky_activity_id": "230",
    "activity_name": "Functional Design document - Update feedback document & Submit",
    "milestone_flag": false,
    "start_date": "2023-09-12",
    "end_date": "2024-01-02",
    "level": 5
  }
},
{
  "model": "plan_visual_django.planactivity",
  "pk": 2887,
  "fields": {
    "plan": 24,
    "unique_sticky_activity_id": "231",
    "activity_name": "Functional Design document Sign off",
    "milestone_flag": false,
    "start_date": "2024-01-03",
    "end_date": "2024-01-03",
    "level": 5
  }
},
{
  "model": "plan_visual_django.planactivity",
  "pk": 2888,
  "fields": {
    "plan": 24,
    "unique_sticky_activity_id": "232",
    "activity_name": "Configuration Activities",
    "milestone_flag": false,
    "start_date": "2023-08-31",
    "end_date": "2023-10-25",
    "level": 3
  }
},
{
  "model": "plan_visual_django.planactivity",
  "pk": 2889,
  "fields": {
    "plan": 24,
    "unique_sticky_activity_id": "233",
    "activity_name": "Setup and Configurations Product Information Management",
    "milestone_flag": false,
    "start_date": "2023-08-31",
    "end_date": "2023-09-12",
    "level": 4
  }
},
{
  "model": "plan_visual_django.planactivity",
  "pk": 2890,
  "fields": {
    "plan": 24,
    "unique_sticky_activity_id": "234",
    "activity_name": "Storage Dimensions:- Site Master / Warehouse Master",
    "milestone_flag": false,
    "start_date": "2023-08-31",
    "end_date": "2023-09-06",
    "level": 5
  }
},
{
  "model": "plan_visual_django.planactivity",
  "pk": 2891,
  "fields": {
    "plan": 24,
    "unique_sticky_activity_id": "235",
    "activity_name": "Tracking Dimension Details:- Batch Sequence / Serial Sequence",
    "milestone_flag": false,
    "start_date": "2023-08-31",
    "end_date": "2023-09-06",
    "level": 5
  }
},
{
  "model": "plan_visual_django.planactivity",
  "pk": 2892,
  "fields": {
    "plan": 24,
    "unique_sticky_activity_id": "236",
    "activity_name": "Product Dimension Details:- Style / Size / Color",
    "milestone_flag": false,
    "start_date": "2023-08-31",
    "end_date": "2023-09-06",
    "level": 5
  }
},
{
  "model": "plan_visual_django.planactivity",
  "pk": 2893,
  "fields": {
    "plan": 24,
    "unique_sticky_activity_id": "237",
    "activity_name": "Product Categories and Attributes :-Category hierarchies",
    "milestone_flag": false,
    "start_date": "2023-08-31",
    "end_date": "2023-09-06",
    "level": 5
  }
},
{
  "model": "plan_visual_django.planactivity",
  "pk": 2894,
  "fields": {
    "plan": 24,
    "unique_sticky_activity_id": "238",
    "activity_name": "Attribute types / Attributes / Attribute groups",
    "milestone_flag": false,
    "start_date": "2023-08-31",
    "end_date": "2023-09-06",
    "level": 5
  }
},
{
  "model": "plan_visual_django.planactivity",
  "pk": 2895,
  "fields": {
    "plan": 24,
    "unique_sticky_activity_id": "239",
    "activity_name": "Batch attributes / Batch attribute groups",
    "milestone_flag": false,
    "start_date": "2023-08-31",
    "end_date": "2023-09-06",
    "level": 5
  }
},
{
  "model": "plan_visual_django.planactivity",
  "pk": 2896,
  "fields": {
    "plan": 24,
    "unique_sticky_activity_id": "240",
    "activity_name": "Item Group",
    "milestone_flag": false,
    "start_date": "2023-08-31",
    "end_date": "2023-09-06",
    "level": 5
  }
},
{
  "model": "plan_visual_django.planactivity",
  "pk": 2897,
  "fields": {
    "plan": 24,
    "unique_sticky_activity_id": "241",
    "activity_name": "Item Model Group",
    "milestone_flag": false,
    "start_date": "2023-08-31",
    "end_date": "2023-09-06",
    "level": 5
  }
},
{
  "model": "plan_visual_django.planactivity",
  "pk": 2898,
  "fields": {
    "plan": 24,
    "unique_sticky_activity_id": "242",
    "activity_name": "Product Life Cycle",
    "milestone_flag": false,
    "start_date": "2023-09-07",
    "end_date": "2023-09-12",
    "level": 5
  }
},
{
  "model": "plan_visual_django.planactivity",
  "pk": 2899,
  "fields": {
    "plan": 24,
    "unique_sticky_activity_id": "243",
    "activity_name": "Sales Tax Group",
    "milestone_flag": false,
    "start_date": "2023-09-07",
    "end_date": "2023-09-11",
    "level": 5
  }
},
{
  "model": "plan_visual_django.planactivity",
  "pk": 2900,
  "fields": {
    "plan": 24,
    "unique_sticky_activity_id": "244",
    "activity_name": "Units and Unit Conversions",
    "milestone_flag": false,
    "start_date": "2023-09-07",
    "end_date": "2023-09-11",
    "level": 5
  }
},
{
  "model": "plan_visual_django.planactivity",
  "pk": 2901,
  "fields": {
    "plan": 24,
    "unique_sticky_activity_id": "245",
    "activity_name": "No. Sequence Configuration",
    "milestone_flag": false,
    "start_date": "2023-09-07",
    "end_date": "2023-09-11",
    "level": 5
  }
},
{
  "model": "plan_visual_django.planactivity",
  "pk": 2902,
  "fields": {
    "plan": 24,
    "unique_sticky_activity_id": "246",
    "activity_name": "FGH Specific Standard Product Setup and Configurations based on the Sample Data",
    "milestone_flag": false,
    "start_date": "2023-09-07",
    "end_date": "2023-09-11",
    "level": 5
  }
},
{
  "model": "plan_visual_django.planactivity",
  "pk": 2903,
  "fields": {
    "plan": 24,
    "unique_sticky_activity_id": "247",
    "activity_name": "Setup and Configurations Inventory Management",
    "milestone_flag": false,
    "start_date": "2023-09-12",
    "end_date": "2023-09-18",
    "level": 4
  }
},
{
  "model": "plan_visual_django.planactivity",
  "pk": 2904,
  "fields": {
    "plan": 24,
    "unique_sticky_activity_id": "248",
    "activity_name": "FGH Specific Standard Inventory Management Setup and Configurations",
    "milestone_flag": false,
    "start_date": "2023-09-12",
    "end_date": "2023-09-18",
    "level": 5
  }
},
{
  "model": "plan_visual_django.planactivity",
  "pk": 2905,
  "fields": {
    "plan": 24,
    "unique_sticky_activity_id": "249",
    "activity_name": "Inventory blocking",
    "milestone_flag": false,
    "start_date": "2023-09-12",
    "end_date": "2023-09-18",
    "level": 5
  }
},
{
  "model": "plan_visual_django.planactivity",
  "pk": 2906,
  "fields": {
    "plan": 24,
    "unique_sticky_activity_id": "250",
    "activity_name": "ABC classification",
    "milestone_flag": false,
    "start_date": "2023-09-12",
    "end_date": "2023-09-18",
    "level": 5
  }
},
{
  "model": "plan_visual_django.planactivity",
  "pk": 2907,
  "fields": {
    "plan": 24,
    "unique_sticky_activity_id": "251",
    "activity_name": "Ship transfer order / Receive transfer order",
    "milestone_flag": false,
    "start_date": "2023-09-12",
    "end_date": "2023-09-18",
    "level": 5
  }
},
{
  "model": "plan_visual_django.planactivity",
  "pk": 2908,
  "fields": {
    "plan": 24,
    "unique_sticky_activity_id": "252",
    "activity_name": "Inventory Journals",
    "milestone_flag": false,
    "start_date": "2023-09-12",
    "end_date": "2023-09-18",
    "level": 5
  }
},
{
  "model": "plan_visual_django.planactivity",
  "pk": 2909,
  "fields": {
    "plan": 24,
    "unique_sticky_activity_id": "253",
    "activity_name": "Items Movement / Items Inventory adjustment / Items Transfer / Item Counting Journal",
    "milestone_flag": false,
    "start_date": "2023-09-12",
    "end_date": "2023-09-18",
    "level": 5
  }
},
{
  "model": "plan_visual_django.planactivity",
  "pk": 2910,
  "fields": {
    "plan": 24,
    "unique_sticky_activity_id": "254",
    "activity_name": "Inventory Management Parameters and Workflows",
    "milestone_flag": false,
    "start_date": "2023-09-12",
    "end_date": "2023-09-18",
    "level": 5
  }
},
{
  "model": "plan_visual_django.planactivity",
  "pk": 2911,
  "fields": {
    "plan": 24,
    "unique_sticky_activity_id": "255",
    "activity_name": "FGH Specific Standard Inventory Management Setup and Configurations",
    "milestone_flag": false,
    "start_date": "2023-09-12",
    "end_date": "2023-09-18",
    "level": 5
  }
},
{
  "model": "plan_visual_django.planactivity",
  "pk": 2912,
  "fields": {
    "plan": 24,
    "unique_sticky_activity_id": "256",
    "activity_name": "Setup and Configurations Customer Master (Main data in CRM)",
    "milestone_flag": false,
    "start_date": "2023-09-19",
    "end_date": "2023-09-20",
    "level": 4
  }
},
{
  "model": "plan_visual_django.planactivity",
  "pk": 2913,
  "fields": {
    "plan": 24,
    "unique_sticky_activity_id": "257",
    "activity_name": "Customer Group / Customer Default Sites / Warehouse",
    "milestone_flag": false,
    "start_date": "2023-09-19",
    "end_date": "2023-09-20",
    "level": 5
  }
},
{
  "model": "plan_visual_django.planactivity",
  "pk": 2914,
  "fields": {
    "plan": 24,
    "unique_sticky_activity_id": "258",
    "activity_name": "Currencies / Customer Method of Payment / Payment Schedule",
    "milestone_flag": false,
    "start_date": "2023-09-19",
    "end_date": "2023-09-20",
    "level": 5
  }
},
{
  "model": "plan_visual_django.planactivity",
  "pk": 2915,
  "fields": {
    "plan": 24,
    "unique_sticky_activity_id": "259",
    "activity_name": "Mode of Delivery /Terms of Delivery/Terms of Payment",
    "milestone_flag": false,
    "start_date": "2023-09-19",
    "end_date": "2023-09-20",
    "level": 5
  }
},
{
  "model": "plan_visual_django.planactivity",
  "pk": 2916,
  "fields": {
    "plan": 24,
    "unique_sticky_activity_id": "260",
    "activity_name": "Sales Tax Group /With holding tax",
    "milestone_flag": false,
    "start_date": "2023-09-19",
    "end_date": "2023-09-20",
    "level": 5
  }
},
{
  "model": "plan_visual_django.planactivity",
  "pk": 2917,
  "fields": {
    "plan": 24,
    "unique_sticky_activity_id": "261",
    "activity_name": "No. Sequence Configuration",
    "milestone_flag": false,
    "start_date": "2023-09-19",
    "end_date": "2023-09-20",
    "level": 5
  }
},
{
  "model": "plan_visual_django.planactivity",
  "pk": 2918,
  "fields": {
    "plan": 24,
    "unique_sticky_activity_id": "262",
    "activity_name": "FGH Specific Standard Customer Setup and Configurations based on the Sample Data",
    "milestone_flag": false,
    "start_date": "2023-09-19",
    "end_date": "2023-09-20",
    "level": 5
  }
},
{
  "model": "plan_visual_django.planactivity",
  "pk": 2919,
  "fields": {
    "plan": 24,
    "unique_sticky_activity_id": "263",
    "activity_name": "Setup and Configurations Sales Order Management",
    "milestone_flag": false,
    "start_date": "2023-09-21",
    "end_date": "2023-10-04",
    "level": 4
  }
},
{
  "model": "plan_visual_django.planactivity",
  "pk": 2920,
  "fields": {
    "plan": 24,
    "unique_sticky_activity_id": "264",
    "activity_name": "No. Sequence Configuration",
    "milestone_flag": false,
    "start_date": "2023-09-21",
    "end_date": "2023-09-21",
    "level": 5
  }
},
{
  "model": "plan_visual_django.planactivity",
  "pk": 2921,
  "fields": {
    "plan": 24,
    "unique_sticky_activity_id": "265",
    "activity_name": "Sales and Marketing Parameters and Workflows",
    "milestone_flag": false,
    "start_date": "2023-09-22",
    "end_date": "2023-09-26",
    "level": 5
  }
},
{
  "model": "plan_visual_django.planactivity",
  "pk": 2922,
  "fields": {
    "plan": 24,
    "unique_sticky_activity_id": "266",
    "activity_name": "Sales and Marketing FGH Specific Standard Setup and Configurations",
    "milestone_flag": false,
    "start_date": "2023-09-22",
    "end_date": "2023-09-26",
    "level": 5
  }
},
{
  "model": "plan_visual_django.planactivity",
  "pk": 2923,
  "fields": {
    "plan": 24,
    "unique_sticky_activity_id": "267",
    "activity_name": "Delivery Management (Delivery Note) / Customer Delivery address",
    "milestone_flag": false,
    "start_date": "2023-09-27",
    "end_date": "2023-09-27",
    "level": 5
  }
},
{
  "model": "plan_visual_django.planactivity",
  "pk": 2924,
  "fields": {
    "plan": 24,
    "unique_sticky_activity_id": "268",
    "activity_name": "Delivery date control / Over delivery / Under delivery",
    "milestone_flag": false,
    "start_date": "2023-09-28",
    "end_date": "2023-09-28",
    "level": 5
  }
},
{
  "model": "plan_visual_django.planactivity",
  "pk": 2925,
  "fields": {
    "plan": 24,
    "unique_sticky_activity_id": "269",
    "activity_name": "Reservation Management / Pick List Generation / Registration / Packing Slip",
    "milestone_flag": false,
    "start_date": "2023-09-29",
    "end_date": "2023-09-29",
    "level": 5
  }
},
{
  "model": "plan_visual_django.planactivity",
  "pk": 2926,
  "fields": {
    "plan": 24,
    "unique_sticky_activity_id": "270",
    "activity_name": "Sales Return Setups Configurations Disposition codes / Return reason code groups / Return reason codes",
    "milestone_flag": false,
    "start_date": "2023-10-02",
    "end_date": "2023-10-04",
    "level": 5
  }
},
{
  "model": "plan_visual_django.planactivity",
  "pk": 2927,
  "fields": {
    "plan": 24,
    "unique_sticky_activity_id": "271",
    "activity_name": "Setup and Configurations for Vendor Master and Procurement and sourcing",
    "milestone_flag": false,
    "start_date": "2023-10-05",
    "end_date": "2023-10-13",
    "level": 4
  }
},
{
  "model": "plan_visual_django.planactivity",
  "pk": 2928,
  "fields": {
    "plan": 24,
    "unique_sticky_activity_id": "272",
    "activity_name": "Vendor Specific Setup and Configurations",
    "milestone_flag": false,
    "start_date": "2023-10-05",
    "end_date": "2023-10-05",
    "level": 5
  }
},
{
  "model": "plan_visual_django.planactivity",
  "pk": 2929,
  "fields": {
    "plan": 24,
    "unique_sticky_activity_id": "273",
    "activity_name": "Purchasing policies / Invoice Matching Policies",
    "milestone_flag": false,
    "start_date": "2023-10-05",
    "end_date": "2023-10-05",
    "level": 5
  }
},
{
  "model": "plan_visual_django.planactivity",
  "pk": 2930,
  "fields": {
    "plan": 24,
    "unique_sticky_activity_id": "274",
    "activity_name": "Vendor Group / Default Sites / Warehouse",
    "milestone_flag": false,
    "start_date": "2023-10-06",
    "end_date": "2023-10-06",
    "level": 5
  }
},
{
  "model": "plan_visual_django.planactivity",
  "pk": 2931,
  "fields": {
    "plan": 24,
    "unique_sticky_activity_id": "275",
    "activity_name": "Currencies / Vendor Method of Payment / Payment Schedule",
    "milestone_flag": false,
    "start_date": "2023-10-09",
    "end_date": "2023-10-09",
    "level": 5
  }
},
{
  "model": "plan_visual_django.planactivity",
  "pk": 2932,
  "fields": {
    "plan": 24,
    "unique_sticky_activity_id": "276",
    "activity_name": "Mode of Delivery /Terms of Delivery/Terms of Payment",
    "milestone_flag": false,
    "start_date": "2023-10-10",
    "end_date": "2023-10-10",
    "level": 5
  }
},
{
  "model": "plan_visual_django.planactivity",
  "pk": 2933,
  "fields": {
    "plan": 24,
    "unique_sticky_activity_id": "277",
    "activity_name": "Sales Tax Group /With holding tax",
    "milestone_flag": false,
    "start_date": "2023-10-10",
    "end_date": "2023-10-10",
    "level": 5
  }
},
{
  "model": "plan_visual_django.planactivity",
  "pk": 2934,
  "fields": {
    "plan": 24,
    "unique_sticky_activity_id": "278",
    "activity_name": "No. Sequence Configuration",
    "milestone_flag": false,
    "start_date": "2023-10-10",
    "end_date": "2023-10-11",
    "level": 5
  }
},
{
  "model": "plan_visual_django.planactivity",
  "pk": 2935,
  "fields": {
    "plan": 24,
    "unique_sticky_activity_id": "279",
    "activity_name": "Procurement and sourcing parameters and Workflows",
    "milestone_flag": false,
    "start_date": "2023-10-10",
    "end_date": "2023-10-11",
    "level": 5
  }
},
{
  "model": "plan_visual_django.planactivity",
  "pk": 2936,
  "fields": {
    "plan": 24,
    "unique_sticky_activity_id": "280",
    "activity_name": "Procurement and sourcing FGH Specific Standard Setup and Configurations",
    "milestone_flag": false,
    "start_date": "2023-10-11",
    "end_date": "2023-10-12",
    "level": 5
  }
},
{
  "model": "plan_visual_django.planactivity",
  "pk": 2937,
  "fields": {
    "plan": 24,
    "unique_sticky_activity_id": "281",
    "activity_name": "Purchase Return Setups Configurations",
    "milestone_flag": false,
    "start_date": "2023-10-11",
    "end_date": "2023-10-13",
    "level": 5
  }
},
{
  "model": "plan_visual_django.planactivity",
  "pk": 2938,
  "fields": {
    "plan": 24,
    "unique_sticky_activity_id": "282",
    "activity_name": "Setup and Configurations for Physical and Financial Postings",
    "milestone_flag": false,
    "start_date": "2023-10-16",
    "end_date": "2023-10-25",
    "level": 4
  }
},
{
  "model": "plan_visual_django.planactivity",
  "pk": 2939,
  "fields": {
    "plan": 24,
    "unique_sticky_activity_id": "283",
    "activity_name": "Inventory and Financial Posting Setup and Configuration / Pick and Packing",
    "milestone_flag": false,
    "start_date": "2023-10-16",
    "end_date": "2023-10-18",
    "level": 5
  }
},
{
  "model": "plan_visual_django.planactivity",
  "pk": 2940,
  "fields": {
    "plan": 24,
    "unique_sticky_activity_id": "284",
    "activity_name": "Sales Postings /Delivery Postings /Invoice Postings /Customer Postings",
    "milestone_flag": false,
    "start_date": "2023-10-19",
    "end_date": "2023-10-20",
    "level": 5
  }
},
{
  "model": "plan_visual_django.planactivity",
  "pk": 2941,
  "fields": {
    "plan": 24,
    "unique_sticky_activity_id": "285",
    "activity_name": "Purchase Postings /GRN postings /Invoice postings / Vendor postings",
    "milestone_flag": false,
    "start_date": "2023-10-24",
    "end_date": "2023-10-25",
    "level": 5
  }
},
{
  "model": "plan_visual_django.planactivity",
  "pk": 2942,
  "fields": {
    "plan": 24,
    "unique_sticky_activity_id": "286",
    "activity_name": "Build and Test",
    "milestone_flag": false,
    "start_date": "2023-09-11",
    "end_date": "2023-11-24",
    "level": 2
  }
},
{
  "model": "plan_visual_django.planactivity",
  "pk": 2943,
  "fields": {
    "plan": 24,
    "unique_sticky_activity_id": "287",
    "activity_name": "Development based on Gaps and Customizations",
    "milestone_flag": false,
    "start_date": "2023-09-11",
    "end_date": "2023-11-24",
    "level": 3
  }
},
{
  "model": "plan_visual_django.planactivity",
  "pk": 2944,
  "fields": {
    "plan": 24,
    "unique_sticky_activity_id": "288",
    "activity_name": "Gaps and Customization implementation",
    "milestone_flag": false,
    "start_date": "2023-09-11",
    "end_date": "2023-11-24",
    "level": 4
  }
},
{
  "model": "plan_visual_django.planactivity",
  "pk": 2945,
  "fields": {
    "plan": 24,
    "unique_sticky_activity_id": "289",
    "activity_name": "Development related to integration with WMS, Ecommerce, CRM, Pimberly, Ratalon and other Modules",
    "milestone_flag": false,
    "start_date": "2023-09-11",
    "end_date": "2023-11-17",
    "level": 4
  }
},
{
  "model": "plan_visual_django.planactivity",
  "pk": 2946,
  "fields": {
    "plan": 24,
    "unique_sticky_activity_id": "290",
    "activity_name": "Sanity and Unit testing for integrations",
    "milestone_flag": false,
    "start_date": "2023-09-13",
    "end_date": "2023-11-21",
    "level": 4
  }
},
{
  "model": "plan_visual_django.planactivity",
  "pk": 2947,
  "fields": {
    "plan": 24,
    "unique_sticky_activity_id": "291",
    "activity_name": "System Integration and testing (SIT)",
    "milestone_flag": false,
    "start_date": "2023-09-07",
    "end_date": "2024-01-30",
    "level": 2
  }
},
{
  "model": "plan_visual_django.planactivity",
  "pk": 2948,
  "fields": {
    "plan": 24,
    "unique_sticky_activity_id": "292",
    "activity_name": "Test Cases creation",
    "milestone_flag": false,
    "start_date": "2023-09-07",
    "end_date": "2023-11-30",
    "level": 3
  }
},
{
  "model": "plan_visual_django.planactivity",
  "pk": 2949,
  "fields": {
    "plan": 24,
    "unique_sticky_activity_id": "293",
    "activity_name": "Test cases creation for OOB Features",
    "milestone_flag": false,
    "start_date": "2023-09-07",
    "end_date": "2023-11-01",
    "level": 4
  }
},
{
  "model": "plan_visual_django.planactivity",
  "pk": 2950,
  "fields": {
    "plan": 24,
    "unique_sticky_activity_id": "294",
    "activity_name": "Test Cases creation for Gaps and Customization",
    "milestone_flag": false,
    "start_date": "2023-09-18",
    "end_date": "2023-11-24",
    "level": 4
  }
},
{
  "model": "plan_visual_django.planactivity",
  "pk": 2951,
  "fields": {
    "plan": 24,
    "unique_sticky_activity_id": "295",
    "activity_name": "Test Cases Creation for Integrations",
    "milestone_flag": false,
    "start_date": "2023-09-18",
    "end_date": "2023-11-24",
    "level": 4
  }
},
{
  "model": "plan_visual_django.planactivity",
  "pk": 2952,
  "fields": {
    "plan": 24,
    "unique_sticky_activity_id": "296",
    "activity_name": "Test cases Review",
    "milestone_flag": false,
    "start_date": "2023-11-27",
    "end_date": "2023-11-29",
    "level": 4
  }
},
{
  "model": "plan_visual_django.planactivity",
  "pk": 2953,
  "fields": {
    "plan": 24,
    "unique_sticky_activity_id": "297",
    "activity_name": "Test Cases Sign off",
    "milestone_flag": false,
    "start_date": "2023-11-30",
    "end_date": "2023-11-30",
    "level": 4
  }
},
{
  "model": "plan_visual_django.planactivity",
  "pk": 2954,
  "fields": {
    "plan": 24,
    "unique_sticky_activity_id": "298",
    "activity_name": "SIT Test enviornment Preparation and testing",
    "milestone_flag": false,
    "start_date": "2023-11-27",
    "end_date": "2024-01-30",
    "level": 3
  }
},
{
  "model": "plan_visual_django.planactivity",
  "pk": 2955,
  "fields": {
    "plan": 24,
    "unique_sticky_activity_id": "299",
    "activity_name": "Product Master Creation",
    "milestone_flag": false,
    "start_date": "2023-11-27",
    "end_date": "2023-12-01",
    "level": 4
  }
},
{
  "model": "plan_visual_django.planactivity",
  "pk": 2956,
  "fields": {
    "plan": 24,
    "unique_sticky_activity_id": "300",
    "activity_name": "Customer Master Creation",
    "milestone_flag": false,
    "start_date": "2023-12-04",
    "end_date": "2023-12-05",
    "level": 4
  }
},
{
  "model": "plan_visual_django.planactivity",
  "pk": 2957,
  "fields": {
    "plan": 24,
    "unique_sticky_activity_id": "301",
    "activity_name": "Sales Order Testing / Delivery Note Generation / Outbound Process",
    "milestone_flag": false,
    "start_date": "2023-12-06",
    "end_date": "2023-12-19",
    "level": 4
  }
},
{
  "model": "plan_visual_django.planactivity",
  "pk": 2958,
  "fields": {
    "plan": 24,
    "unique_sticky_activity_id": "302",
    "activity_name": "Sale Return Process Testing",
    "milestone_flag": false,
    "start_date": "2023-12-20",
    "end_date": "2023-12-22",
    "level": 4
  }
},
{
  "model": "plan_visual_django.planactivity",
  "pk": 2959,
  "fields": {
    "plan": 24,
    "unique_sticky_activity_id": "303",
    "activity_name": "Vendor Master Creation",
    "milestone_flag": false,
    "start_date": "2023-12-26",
    "end_date": "2024-01-01",
    "level": 4
  }
},
{
  "model": "plan_visual_django.planactivity",
  "pk": 2960,
  "fields": {
    "plan": 24,
    "unique_sticky_activity_id": "304",
    "activity_name": "Trade Agreements / Sales Agreements Creation",
    "milestone_flag": false,
    "start_date": "2024-01-02",
    "end_date": "2024-01-08",
    "level": 4
  }
},
{
  "model": "plan_visual_django.planactivity",
  "pk": 2961,
  "fields": {
    "plan": 24,
    "unique_sticky_activity_id": "305",
    "activity_name": "Purchase Order Testing / Good Receipt Note / Inbound Process",
    "milestone_flag": false,
    "start_date": "2024-01-09",
    "end_date": "2024-01-15",
    "level": 4
  }
},
{
  "model": "plan_visual_django.planactivity",
  "pk": 2962,
  "fields": {
    "plan": 24,
    "unique_sticky_activity_id": "306",
    "activity_name": "Purchase Return Process Testing",
    "milestone_flag": false,
    "start_date": "2023-12-04",
    "end_date": "2023-12-05",
    "level": 4
  }
},
{
  "model": "plan_visual_django.planactivity",
  "pk": 2963,
  "fields": {
    "plan": 24,
    "unique_sticky_activity_id": "307",
    "activity_name": "Packing Slip Posting / Invoice posting / Customer Profile Posting",
    "milestone_flag": false,
    "start_date": "2023-12-06",
    "end_date": "2023-12-08",
    "level": 4
  }
},
{
  "model": "plan_visual_django.planactivity",
  "pk": 2964,
  "fields": {
    "plan": 24,
    "unique_sticky_activity_id": "308",
    "activity_name": "GRN Posting /Vendor Invoice posting /Vendor Profile Posting",
    "milestone_flag": false,
    "start_date": "2023-12-20",
    "end_date": "2023-12-22",
    "level": 4
  }
},
{
  "model": "plan_visual_django.planactivity",
  "pk": 2965,
  "fields": {
    "plan": 24,
    "unique_sticky_activity_id": "309",
    "activity_name": "Import/Export - Commercial Invoicing",
    "milestone_flag": false,
    "start_date": "2023-12-26",
    "end_date": "2024-01-01",
    "level": 4
  }
},
{
  "model": "plan_visual_django.planactivity",
  "pk": 2966,
  "fields": {
    "plan": 24,
    "unique_sticky_activity_id": "310",
    "activity_name": "Integration testing for WMS",
    "milestone_flag": false,
    "start_date": "2023-12-26",
    "end_date": "2024-01-08",
    "level": 4
  }
},
{
  "model": "plan_visual_django.planactivity",
  "pk": 2967,
  "fields": {
    "plan": 24,
    "unique_sticky_activity_id": "311",
    "activity_name": "Integration testing for E-Commerce",
    "milestone_flag": false,
    "start_date": "2023-12-26",
    "end_date": "2024-01-08",
    "level": 4
  }
},
{
  "model": "plan_visual_django.planactivity",
  "pk": 2968,
  "fields": {
    "plan": 24,
    "unique_sticky_activity_id": "312",
    "activity_name": "Integration testing for CRM",
    "milestone_flag": false,
    "start_date": "2023-12-26",
    "end_date": "2024-01-08",
    "level": 4
  }
},
{
  "model": "plan_visual_django.planactivity",
  "pk": 2969,
  "fields": {
    "plan": 24,
    "unique_sticky_activity_id": "313",
    "activity_name": "Integration testing with Other systems Pimberly, Ratalon and other Modules",
    "milestone_flag": false,
    "start_date": "2023-12-26",
    "end_date": "2024-01-22",
    "level": 4
  }
},
{
  "model": "plan_visual_django.planactivity",
  "pk": 2970,
  "fields": {
    "plan": 24,
    "unique_sticky_activity_id": "314",
    "activity_name": "Testing feedback and code/configuraiton updated",
    "milestone_flag": false,
    "start_date": "2023-12-22",
    "end_date": "2024-01-26",
    "level": 4
  }
},
{
  "model": "plan_visual_django.planactivity",
  "pk": 2971,
  "fields": {
    "plan": 24,
    "unique_sticky_activity_id": "315",
    "activity_name": "Testing sign off",
    "milestone_flag": false,
    "start_date": "2024-01-29",
    "end_date": "2024-01-30",
    "level": 4
  }
},
{
  "model": "plan_visual_django.planactivity",
  "pk": 2972,
  "fields": {
    "plan": 24,
    "unique_sticky_activity_id": "316",
    "activity_name": "End to End testing",
    "milestone_flag": false,
    "start_date": "2024-01-31",
    "end_date": "2024-03-25",
    "level": 2
  }
},
{
  "model": "plan_visual_django.planactivity",
  "pk": 2973,
  "fields": {
    "plan": 24,
    "unique_sticky_activity_id": "317",
    "activity_name": "Tes case preparation",
    "milestone_flag": false,
    "start_date": "2024-01-31",
    "end_date": "2024-02-20",
    "level": 3
  }
},
{
  "model": "plan_visual_django.planactivity",
  "pk": 2974,
  "fields": {
    "plan": 24,
    "unique_sticky_activity_id": "318",
    "activity_name": "Test case  validation",
    "milestone_flag": false,
    "start_date": "2024-02-01",
    "end_date": "2024-02-21",
    "level": 3
  }
},
{
  "model": "plan_visual_django.planactivity",
  "pk": 2975,
  "fields": {
    "plan": 24,
    "unique_sticky_activity_id": "319",
    "activity_name": "Test case execution",
    "milestone_flag": false,
    "start_date": "2024-02-22",
    "end_date": "2024-03-20",
    "level": 3
  }
},
{
  "model": "plan_visual_django.planactivity",
  "pk": 2976,
  "fields": {
    "plan": 24,
    "unique_sticky_activity_id": "320",
    "activity_name": "Test case feedback and updates",
    "milestone_flag": false,
    "start_date": "2024-02-26",
    "end_date": "2024-03-22",
    "level": 3
  }
},
{
  "model": "plan_visual_django.planactivity",
  "pk": 2977,
  "fields": {
    "plan": 24,
    "unique_sticky_activity_id": "321",
    "activity_name": "E2E sign off",
    "milestone_flag": false,
    "start_date": "2024-03-25",
    "end_date": "2024-03-25",
    "level": 3
  }
},
{
  "model": "plan_visual_django.planactivity",
  "pk": 2978,
  "fields": {
    "plan": 24,
    "unique_sticky_activity_id": "322",
    "activity_name": "Services Delivery Documentattion",
    "milestone_flag": false,
    "start_date": "2024-03-26",
    "end_date": "2024-06-10",
    "level": 2
  }
},
{
  "model": "plan_visual_django.planactivity",
  "pk": 2979,
  "fields": {
    "plan": 24,
    "unique_sticky_activity_id": "323",
    "activity_name": "Service delivery check list review and update",
    "milestone_flag": false,
    "start_date": "2024-03-26",
    "end_date": "2024-05-27",
    "level": 3
  }
},
{
  "model": "plan_visual_django.planactivity",
  "pk": 2980,
  "fields": {
    "plan": 24,
    "unique_sticky_activity_id": "324",
    "activity_name": "Service delivery documentation",
    "milestone_flag": false,
    "start_date": "2024-03-28",
    "end_date": "2024-05-29",
    "level": 3
  }
},
{
  "model": "plan_visual_django.planactivity",
  "pk": 2981,
  "fields": {
    "plan": 24,
    "unique_sticky_activity_id": "325",
    "activity_name": "Documentation review and update",
    "milestone_flag": false,
    "start_date": "2024-05-30",
    "end_date": "2024-06-05",
    "level": 3
  }
},
{
  "model": "plan_visual_django.planactivity",
  "pk": 2982,
  "fields": {
    "plan": 24,
    "unique_sticky_activity_id": "326",
    "activity_name": "Training to BAU Team",
    "milestone_flag": false,
    "start_date": "2024-06-06",
    "end_date": "2024-06-07",
    "level": 3
  }
},
{
  "model": "plan_visual_django.planactivity",
  "pk": 2983,
  "fields": {
    "plan": 24,
    "unique_sticky_activity_id": "327",
    "activity_name": "Sign off",
    "milestone_flag": false,
    "start_date": "2024-06-10",
    "end_date": "2024-06-10",
    "level": 3
  }
},
{
  "model": "plan_visual_django.planactivity",
  "pk": 2984,
  "fields": {
    "plan": 24,
    "unique_sticky_activity_id": "328",
    "activity_name": "Data Migration",
    "milestone_flag": false,
    "start_date": "2023-09-04",
    "end_date": "2023-11-29",
    "level": 2
  }
},
{
  "model": "plan_visual_django.planactivity",
  "pk": 2985,
  "fields": {
    "plan": 24,
    "unique_sticky_activity_id": "329",
    "activity_name": "Data Migration Strategy",
    "milestone_flag": false,
    "start_date": "2023-09-18",
    "end_date": "2023-09-29",
    "level": 3
  }
},
{
  "model": "plan_visual_django.planactivity",
  "pk": 2986,
  "fields": {
    "plan": 24,
    "unique_sticky_activity_id": "330",
    "activity_name": "Draft",
    "milestone_flag": false,
    "start_date": "2023-09-18",
    "end_date": "2023-09-26",
    "level": 4
  }
},
{
  "model": "plan_visual_django.planactivity",
  "pk": 2987,
  "fields": {
    "plan": 24,
    "unique_sticky_activity_id": "331",
    "activity_name": "Review",
    "milestone_flag": false,
    "start_date": "2023-09-27",
    "end_date": "2023-09-28",
    "level": 4
  }
},
{
  "model": "plan_visual_django.planactivity",
  "pk": 2988,
  "fields": {
    "plan": 24,
    "unique_sticky_activity_id": "332",
    "activity_name": "Approve/Sign off",
    "milestone_flag": false,
    "start_date": "2023-09-29",
    "end_date": "2023-09-29",
    "level": 4
  }
},
{
  "model": "plan_visual_django.planactivity",
  "pk": 2989,
  "fields": {
    "plan": 24,
    "unique_sticky_activity_id": "333",
    "activity_name": "SBR implementation work shop",
    "milestone_flag": false,
    "start_date": "2023-10-02",
    "end_date": "2023-10-10",
    "level": 3
  }
},
{
  "model": "plan_visual_django.planactivity",
  "pk": 2990,
  "fields": {
    "plan": 24,
    "unique_sticky_activity_id": "334",
    "activity_name": "Preparation",
    "milestone_flag": false,
    "start_date": "2023-10-02",
    "end_date": "2023-10-05",
    "level": 4
  }
},
{
  "model": "plan_visual_django.planactivity",
  "pk": 2991,
  "fields": {
    "plan": 24,
    "unique_sticky_activity_id": "335",
    "activity_name": "walkthrough",
    "milestone_flag": false,
    "start_date": "2023-10-06",
    "end_date": "2023-10-06",
    "level": 4
  }
},
{
  "model": "plan_visual_django.planactivity",
  "pk": 2992,
  "fields": {
    "plan": 24,
    "unique_sticky_activity_id": "336",
    "activity_name": "feedbback and updates",
    "milestone_flag": false,
    "start_date": "2023-10-09",
    "end_date": "2023-10-10",
    "level": 4
  }
},
{
  "model": "plan_visual_django.planactivity",
  "pk": 2993,
  "fields": {
    "plan": 24,
    "unique_sticky_activity_id": "337",
    "activity_name": "Product Master Template Discussion",
    "milestone_flag": false,
    "start_date": "2023-09-04",
    "end_date": "2023-10-13",
    "level": 3
  }
},
{
  "model": "plan_visual_django.planactivity",
  "pk": 2994,
  "fields": {
    "plan": 24,
    "unique_sticky_activity_id": "338",
    "activity_name": "All Product Master and sub-Master Data from FGH",
    "milestone_flag": false,
    "start_date": "2023-09-04",
    "end_date": "2023-09-29",
    "level": 4
  }
},
{
  "model": "plan_visual_django.planactivity",
  "pk": 2995,
  "fields": {
    "plan": 24,
    "unique_sticky_activity_id": "339",
    "activity_name": "Import of Product Master and Sub-Master data of FGH",
    "milestone_flag": false,
    "start_date": "2023-09-11",
    "end_date": "2023-10-06",
    "level": 4
  }
},
{
  "model": "plan_visual_django.planactivity",
  "pk": 2996,
  "fields": {
    "plan": 24,
    "unique_sticky_activity_id": "340",
    "activity_name": "All received Product Master & Sub-Master Validation",
    "milestone_flag": false,
    "start_date": "2023-10-02",
    "end_date": "2023-10-06",
    "level": 4
  }
},
{
  "model": "plan_visual_django.planactivity",
  "pk": 2997,
  "fields": {
    "plan": 24,
    "unique_sticky_activity_id": "341",
    "activity_name": "Confirmation of Imported Product data into ERP",
    "milestone_flag": false,
    "start_date": "2023-10-09",
    "end_date": "2023-10-13",
    "level": 4
  }
},
{
  "model": "plan_visual_django.planactivity",
  "pk": 2998,
  "fields": {
    "plan": 24,
    "unique_sticky_activity_id": "342",
    "activity_name": "Customer Master Template Discussion",
    "milestone_flag": false,
    "start_date": "2023-09-18",
    "end_date": "2023-11-07",
    "level": 3
  }
},
{
  "model": "plan_visual_django.planactivity",
  "pk": 2999,
  "fields": {
    "plan": 24,
    "unique_sticky_activity_id": "343",
    "activity_name": "All Customer Master and sub-Master Data from FGH",
    "milestone_flag": false,
    "start_date": "2023-09-18",
    "end_date": "2023-10-13",
    "level": 4
  }
},
{
  "model": "plan_visual_django.planactivity",
  "pk": 3000,
  "fields": {
    "plan": 24,
    "unique_sticky_activity_id": "344",
    "activity_name": "Import of Customer Master and Sub-Master data of FGH",
    "milestone_flag": false,
    "start_date": "2023-09-25",
    "end_date": "2023-10-20",
    "level": 4
  }
},
{
  "model": "plan_visual_django.planactivity",
  "pk": 3001,
  "fields": {
    "plan": 24,
    "unique_sticky_activity_id": "345",
    "activity_name": "All received Customer Master & Sub-Master Validation",
    "milestone_flag": false,
    "start_date": "2023-10-23",
    "end_date": "2023-10-27",
    "level": 4
  }
},
{
  "model": "plan_visual_django.planactivity",
  "pk": 3002,
  "fields": {
    "plan": 24,
    "unique_sticky_activity_id": "346",
    "activity_name": "FGH Sales Order Sub-Master",
    "milestone_flag": false,
    "start_date": "2023-10-02",
    "end_date": "2023-10-27",
    "level": 4
  }
},
{
  "model": "plan_visual_django.planactivity",
  "pk": 3003,
  "fields": {
    "plan": 24,
    "unique_sticky_activity_id": "347",
    "activity_name": "Confirmation of Imported Customer data into ERP",
    "milestone_flag": false,
    "start_date": "2023-10-30",
    "end_date": "2023-11-07",
    "level": 4
  }
},
{
  "model": "plan_visual_django.planactivity",
  "pk": 3004,
  "fields": {
    "plan": 24,
    "unique_sticky_activity_id": "348",
    "activity_name": "Vendor Master Template Discussion",
    "milestone_flag": false,
    "start_date": "2023-10-02",
    "end_date": "2023-11-29",
    "level": 3
  }
},
{
  "model": "plan_visual_django.planactivity",
  "pk": 3005,
  "fields": {
    "plan": 24,
    "unique_sticky_activity_id": "349",
    "activity_name": "All Vendor Master and sub-Master Data from FGH",
    "milestone_flag": false,
    "start_date": "2023-10-02",
    "end_date": "2023-10-27",
    "level": 4
  }
},
{
  "model": "plan_visual_django.planactivity",
  "pk": 3006,
  "fields": {
    "plan": 24,
    "unique_sticky_activity_id": "350",
    "activity_name": "Import of Vendor Master and Sub-Master data of FGH",
    "milestone_flag": false,
    "start_date": "2023-10-05",
    "end_date": "2023-11-01",
    "level": 4
  }
},
{
  "model": "plan_visual_django.planactivity",
  "pk": 3007,
  "fields": {
    "plan": 24,
    "unique_sticky_activity_id": "351",
    "activity_name": "All received Vendor Master & Sub-Master Validation",
    "milestone_flag": false,
    "start_date": "2023-10-09",
    "end_date": "2023-10-17",
    "level": 4
  }
},
{
  "model": "plan_visual_django.planactivity",
  "pk": 3008,
  "fields": {
    "plan": 24,
    "unique_sticky_activity_id": "352",
    "activity_name": "FGH Purchase Order Sub-Master (including import & Export)",
    "milestone_flag": false,
    "start_date": "2023-10-17",
    "end_date": "2023-11-20",
    "level": 4
  }
},
{
  "model": "plan_visual_django.planactivity",
  "pk": 3009,
  "fields": {
    "plan": 24,
    "unique_sticky_activity_id": "353",
    "activity_name": "Confirmation of Imported Vendor data into ERP",
    "milestone_flag": false,
    "start_date": "2023-11-21",
    "end_date": "2023-11-29",
    "level": 4
  }
},
{
  "model": "plan_visual_django.planactivity",
  "pk": 3010,
  "fields": {
    "plan": 24,
    "unique_sticky_activity_id": "354",
    "activity_name": "Performance Testing",
    "milestone_flag": false,
    "start_date": "2024-03-21",
    "end_date": "2024-05-15",
    "level": 2
  }
},
{
  "model": "plan_visual_django.planactivity",
  "pk": 3011,
  "fields": {
    "plan": 24,
    "unique_sticky_activity_id": "355",
    "activity_name": "Performance testing set up and testing",
    "milestone_flag": false,
    "start_date": "2024-03-21",
    "end_date": "2024-05-15",
    "level": 3
  }
},
{
  "model": "plan_visual_django.planactivity",
  "pk": 3012,
  "fields": {
    "plan": 24,
    "unique_sticky_activity_id": "356",
    "activity_name": " Performance Testing Tool finalization and procurement",
    "milestone_flag": false,
    "start_date": "2024-03-21",
    "end_date": "2024-05-15",
    "level": 4
  }
},
{
  "model": "plan_visual_django.planactivity",
  "pk": 3013,
  "fields": {
    "plan": 24,
    "unique_sticky_activity_id": "357",
    "activity_name": " Resource allocation & Tool Training and walkthrough",
    "milestone_flag": false,
    "start_date": "2024-03-21",
    "end_date": "2024-05-15",
    "level": 4
  }
},
{
  "model": "plan_visual_django.planactivity",
  "pk": 3014,
  "fields": {
    "plan": 24,
    "unique_sticky_activity_id": "358",
    "activity_name": " Environment Provisioning",
    "milestone_flag": false,
    "start_date": "2024-03-21",
    "end_date": "2024-05-15",
    "level": 4
  }
},
{
  "model": "plan_visual_django.planactivity",
  "pk": 3015,
  "fields": {
    "plan": 24,
    "unique_sticky_activity_id": "359",
    "activity_name": " Expected Volume of users and Data",
    "milestone_flag": false,
    "start_date": "2024-03-21",
    "end_date": "2024-05-15",
    "level": 4
  }
},
{
  "model": "plan_visual_django.planactivity",
  "pk": 3016,
  "fields": {
    "plan": 24,
    "unique_sticky_activity_id": "360",
    "activity_name": " Workload",
    "milestone_flag": false,
    "start_date": "2024-03-21",
    "end_date": "2024-05-15",
    "level": 4
  }
},
{
  "model": "plan_visual_django.planactivity",
  "pk": 3017,
  "fields": {
    "plan": 24,
    "unique_sticky_activity_id": "361",
    "activity_name": " Critical Business Scenarios and script writing",
    "milestone_flag": false,
    "start_date": "2024-03-21",
    "end_date": "2024-05-15",
    "level": 4
  }
},
{
  "model": "plan_visual_django.planactivity",
  "pk": 3018,
  "fields": {
    "plan": 24,
    "unique_sticky_activity_id": "362",
    "activity_name": " Quick load and Distrubution of load across systems",
    "milestone_flag": false,
    "start_date": "2024-03-21",
    "end_date": "2024-05-15",
    "level": 4
  }
},
{
  "model": "plan_visual_django.planactivity",
  "pk": 3019,
  "fields": {
    "plan": 24,
    "unique_sticky_activity_id": "363",
    "activity_name": " Test Data",
    "milestone_flag": false,
    "start_date": "2024-03-21",
    "end_date": "2024-05-15",
    "level": 4
  }
},
{
  "model": "plan_visual_django.planactivity",
  "pk": 3020,
  "fields": {
    "plan": 24,
    "unique_sticky_activity_id": "364",
    "activity_name": " Ramp up",
    "milestone_flag": false,
    "start_date": "2024-03-21",
    "end_date": "2024-05-15",
    "level": 4
  }
},
{
  "model": "plan_visual_django.planactivity",
  "pk": 3021,
  "fields": {
    "plan": 24,
    "unique_sticky_activity_id": "365",
    "activity_name": " Steady State",
    "milestone_flag": false,
    "start_date": "2024-03-21",
    "end_date": "2024-05-15",
    "level": 4
  }
},
{
  "model": "plan_visual_django.planactivity",
  "pk": 3022,
  "fields": {
    "plan": 24,
    "unique_sticky_activity_id": "366",
    "activity_name": " Benchmarking Details",
    "milestone_flag": false,
    "start_date": "2024-03-21",
    "end_date": "2024-05-15",
    "level": 4
  }
},
{
  "model": "plan_visual_django.planactivity",
  "pk": 3023,
  "fields": {
    "plan": 24,
    "unique_sticky_activity_id": "367",
    "activity_name": " Load Test setup",
    "milestone_flag": false,
    "start_date": "2024-03-21",
    "end_date": "2024-05-15",
    "level": 4
  }
},
{
  "model": "plan_visual_django.planactivity",
  "pk": 3024,
  "fields": {
    "plan": 24,
    "unique_sticky_activity_id": "368",
    "activity_name": " Load testing",
    "milestone_flag": false,
    "start_date": "2024-03-21",
    "end_date": "2024-05-15",
    "level": 4
  }
},
{
  "model": "plan_visual_django.planactivity",
  "pk": 3025,
  "fields": {
    "plan": 24,
    "unique_sticky_activity_id": "369",
    "activity_name": " Distributed Load Testing",
    "milestone_flag": false,
    "start_date": "2024-03-21",
    "end_date": "2024-05-15",
    "level": 4
  }
},
{
  "model": "plan_visual_django.planactivity",
  "pk": 3026,
  "fields": {
    "plan": 24,
    "unique_sticky_activity_id": "370",
    "activity_name": " Acceptance Crteria",
    "milestone_flag": false,
    "start_date": "2024-03-21",
    "end_date": "2024-05-15",
    "level": 4
  }
},
{
  "model": "plan_visual_django.planactivity",
  "pk": 3027,
  "fields": {
    "plan": 24,
    "unique_sticky_activity_id": "371",
    "activity_name": " Load test scripts",
    "milestone_flag": false,
    "start_date": "2024-03-21",
    "end_date": "2024-05-15",
    "level": 4
  }
},
{
  "model": "plan_visual_django.planactivity",
  "pk": 3028,
  "fields": {
    "plan": 24,
    "unique_sticky_activity_id": "372",
    "activity_name": " Process Intensive test",
    "milestone_flag": false,
    "start_date": "2024-03-21",
    "end_date": "2024-05-15",
    "level": 4
  }
},
{
  "model": "plan_visual_django.planactivity",
  "pk": 3029,
  "fields": {
    "plan": 24,
    "unique_sticky_activity_id": "373",
    "activity_name": " Integrated third party system",
    "milestone_flag": false,
    "start_date": "2024-03-21",
    "end_date": "2024-05-15",
    "level": 4
  }
},
{
  "model": "plan_visual_django.planactivity",
  "pk": 3030,
  "fields": {
    "plan": 24,
    "unique_sticky_activity_id": "374",
    "activity_name": " Real Time transaction service",
    "milestone_flag": false,
    "start_date": "2024-03-21",
    "end_date": "2024-05-15",
    "level": 4
  }
},
{
  "model": "plan_visual_django.planactivity",
  "pk": 3031,
  "fields": {
    "plan": 24,
    "unique_sticky_activity_id": "375",
    "activity_name": "Submission",
    "milestone_flag": false,
    "start_date": "2024-03-21",
    "end_date": "2024-05-15",
    "level": 4
  }
},
{
  "model": "plan_visual_django.planactivity",
  "pk": 3032,
  "fields": {
    "plan": 24,
    "unique_sticky_activity_id": "376",
    "activity_name": "Review",
    "milestone_flag": false,
    "start_date": "2024-03-21",
    "end_date": "2024-05-15",
    "level": 4
  }
},
{
  "model": "plan_visual_django.planactivity",
  "pk": 3033,
  "fields": {
    "plan": 24,
    "unique_sticky_activity_id": "377",
    "activity_name": "Signoff",
    "milestone_flag": false,
    "start_date": "2024-03-21",
    "end_date": "2024-05-15",
    "level": 3
  }
},
{
  "model": "plan_visual_django.planactivity",
  "pk": 3034,
  "fields": {
    "plan": 24,
    "unique_sticky_activity_id": "378",
    "activity_name": "Training",
    "milestone_flag": false,
    "start_date": "2024-04-01",
    "end_date": "2024-05-24",
    "level": 2
  }
},
{
  "model": "plan_visual_django.planactivity",
  "pk": 3035,
  "fields": {
    "plan": 24,
    "unique_sticky_activity_id": "379",
    "activity_name": "Setting up the plan for Functional and non functional Training",
    "milestone_flag": false,
    "start_date": "2024-04-01",
    "end_date": "2024-04-02",
    "level": 3
  }
},
{
  "model": "plan_visual_django.planactivity",
  "pk": 3036,
  "fields": {
    "plan": 24,
    "unique_sticky_activity_id": "380",
    "activity_name": "Agenda for Trainings",
    "milestone_flag": false,
    "start_date": "2024-04-03",
    "end_date": "2024-04-03",
    "level": 3
  }
},
{
  "model": "plan_visual_django.planactivity",
  "pk": 3037,
  "fields": {
    "plan": 24,
    "unique_sticky_activity_id": "381",
    "activity_name": "Preparation for Training Material",
    "milestone_flag": false,
    "start_date": "2024-04-04",
    "end_date": "2024-04-24",
    "level": 3
  }
},
{
  "model": "plan_visual_django.planactivity",
  "pk": 3038,
  "fields": {
    "plan": 24,
    "unique_sticky_activity_id": "382",
    "activity_name": "Identify the Super Users for training",
    "milestone_flag": false,
    "start_date": "2024-04-25",
    "end_date": "2024-04-26",
    "level": 3
  }
},
{
  "model": "plan_visual_django.planactivity",
  "pk": 3039,
  "fields": {
    "plan": 24,
    "unique_sticky_activity_id": "383",
    "activity_name": "Communication and booking slot for Training",
    "milestone_flag": false,
    "start_date": "2024-04-29",
    "end_date": "2024-04-29",
    "level": 3
  }
},
{
  "model": "plan_visual_django.planactivity",
  "pk": 3040,
  "fields": {
    "plan": 24,
    "unique_sticky_activity_id": "384",
    "activity_name": "Imparting Training to Super users",
    "milestone_flag": false,
    "start_date": "2024-04-29",
    "end_date": "2024-05-15",
    "level": 3
  }
},
{
  "model": "plan_visual_django.planactivity",
  "pk": 3041,
  "fields": {
    "plan": 24,
    "unique_sticky_activity_id": "385",
    "activity_name": "Sharing the Training document",
    "milestone_flag": false,
    "start_date": "2024-04-29",
    "end_date": "2024-04-29",
    "level": 4
  }
},
{
  "model": "plan_visual_django.planactivity",
  "pk": 3042,
  "fields": {
    "plan": 24,
    "unique_sticky_activity_id": "386",
    "activity_name": "Product Information Management",
    "milestone_flag": false,
    "start_date": "2024-04-30",
    "end_date": "2024-05-01",
    "level": 4
  }
},
{
  "model": "plan_visual_django.planactivity",
  "pk": 3043,
  "fields": {
    "plan": 24,
    "unique_sticky_activity_id": "387",
    "activity_name": "Inventory Management",
    "milestone_flag": false,
    "start_date": "2024-05-02",
    "end_date": "2024-05-03",
    "level": 4
  }
},
{
  "model": "plan_visual_django.planactivity",
  "pk": 3044,
  "fields": {
    "plan": 24,
    "unique_sticky_activity_id": "388",
    "activity_name": "Customer Master",
    "milestone_flag": false,
    "start_date": "2024-05-06",
    "end_date": "2024-05-07",
    "level": 4
  }
},
{
  "model": "plan_visual_django.planactivity",
  "pk": 3045,
  "fields": {
    "plan": 24,
    "unique_sticky_activity_id": "389",
    "activity_name": "Sales Order Management",
    "milestone_flag": false,
    "start_date": "2024-05-08",
    "end_date": "2024-05-09",
    "level": 4
  }
},
{
  "model": "plan_visual_django.planactivity",
  "pk": 3046,
  "fields": {
    "plan": 24,
    "unique_sticky_activity_id": "390",
    "activity_name": "Vendor Master and Procurement and sourcing",
    "milestone_flag": false,
    "start_date": "2024-05-10",
    "end_date": "2024-05-13",
    "level": 4
  }
},
{
  "model": "plan_visual_django.planactivity",
  "pk": 3047,
  "fields": {
    "plan": 24,
    "unique_sticky_activity_id": "391",
    "activity_name": "Physical and Financial Postings",
    "milestone_flag": false,
    "start_date": "2024-05-14",
    "end_date": "2024-05-15",
    "level": 4
  }
},
{
  "model": "plan_visual_django.planactivity",
  "pk": 3048,
  "fields": {
    "plan": 24,
    "unique_sticky_activity_id": "392",
    "activity_name": "Training end users by Super users",
    "milestone_flag": false,
    "start_date": "2024-05-16",
    "end_date": "2024-05-22",
    "level": 3
  }
},
{
  "model": "plan_visual_django.planactivity",
  "pk": 3049,
  "fields": {
    "plan": 24,
    "unique_sticky_activity_id": "393",
    "activity_name": "Training Non Functional task",
    "milestone_flag": false,
    "start_date": "2024-05-23",
    "end_date": "2024-05-23",
    "level": 3
  }
},
{
  "model": "plan_visual_django.planactivity",
  "pk": 3050,
  "fields": {
    "plan": 24,
    "unique_sticky_activity_id": "394",
    "activity_name": "Sign off",
    "milestone_flag": false,
    "start_date": "2024-05-24",
    "end_date": "2024-05-24",
    "level": 3
  }
},
{
  "model": "plan_visual_django.planactivity",
  "pk": 3051,
  "fields": {
    "plan": 24,
    "unique_sticky_activity_id": "395",
    "activity_name": " UAT",
    "milestone_flag": false,
    "start_date": "2024-03-26",
    "end_date": "2024-07-15",
    "level": 2
  }
},
{
  "model": "plan_visual_django.planactivity",
  "pk": 3052,
  "fields": {
    "plan": 24,
    "unique_sticky_activity_id": "396",
    "activity_name": "UAT Tasks",
    "milestone_flag": false,
    "start_date": "2024-03-26",
    "end_date": "2024-07-15",
    "level": 3
  }
},
{
  "model": "plan_visual_django.planactivity",
  "pk": 3053,
  "fields": {
    "plan": 24,
    "unique_sticky_activity_id": "397",
    "activity_name": " UAT test scripts",
    "milestone_flag": false,
    "start_date": "2024-03-26",
    "end_date": "2024-06-03",
    "level": 4
  }
},
{
  "model": "plan_visual_django.planactivity",
  "pk": 3054,
  "fields": {
    "plan": 24,
    "unique_sticky_activity_id": "398",
    "activity_name": " Test data",
    "milestone_flag": false,
    "start_date": "2024-06-04",
    "end_date": "2024-06-10",
    "level": 4
  }
},
{
  "model": "plan_visual_django.planactivity",
  "pk": 3055,
  "fields": {
    "plan": 24,
    "unique_sticky_activity_id": "399",
    "activity_name": " Refresher training for super users",
    "milestone_flag": false,
    "start_date": "2024-06-11",
    "end_date": "2024-06-12",
    "level": 4
  }
},
{
  "model": "plan_visual_django.planactivity",
  "pk": 3056,
  "fields": {
    "plan": 24,
    "unique_sticky_activity_id": "400",
    "activity_name": " Perform UAT",
    "milestone_flag": false,
    "start_date": "2024-06-13",
    "end_date": "2024-07-03",
    "level": 4
  }
},
{
  "model": "plan_visual_django.planactivity",
  "pk": 3057,
  "fields": {
    "plan": 24,
    "unique_sticky_activity_id": "401",
    "activity_name": " Provide UAT support",
    "milestone_flag": false,
    "start_date": "2024-06-18",
    "end_date": "2024-07-08",
    "level": 4
  }
},
{
  "model": "plan_visual_django.planactivity",
  "pk": 3058,
  "fields": {
    "plan": 24,
    "unique_sticky_activity_id": "402",
    "activity_name": " UAT test result",
    "milestone_flag": false,
    "start_date": "2024-06-20",
    "end_date": "2024-07-10",
    "level": 4
  }
},
{
  "model": "plan_visual_django.planactivity",
  "pk": 3059,
  "fields": {
    "plan": 24,
    "unique_sticky_activity_id": "403",
    "activity_name": " UAT test feedback implementation",
    "milestone_flag": false,
    "start_date": "2024-06-25",
    "end_date": "2024-07-12",
    "level": 4
  }
},
{
  "model": "plan_visual_django.planactivity",
  "pk": 3060,
  "fields": {
    "plan": 24,
    "unique_sticky_activity_id": "404",
    "activity_name": " UAT Sign off",
    "milestone_flag": false,
    "start_date": "2024-07-15",
    "end_date": "2024-07-15",
    "level": 4
  }
},
{
  "model": "plan_visual_django.planactivity",
  "pk": 3061,
  "fields": {
    "plan": 24,
    "unique_sticky_activity_id": "405",
    "activity_name": " Complete the UAT Phase",
    "milestone_flag": false,
    "start_date": "2024-07-15",
    "end_date": "2024-07-15",
    "level": 3
  }
},
{
  "model": "plan_visual_django.planactivity",
  "pk": 3062,
  "fields": {
    "plan": 24,
    "unique_sticky_activity_id": "406",
    "activity_name": "Cutover Plan",
    "milestone_flag": false,
    "start_date": "2024-05-20",
    "end_date": "2024-05-23",
    "level": 2
  }
},
{
  "model": "plan_visual_django.planactivity",
  "pk": 3063,
  "fields": {
    "plan": 24,
    "unique_sticky_activity_id": "407",
    "activity_name": "Cutover plan preparation",
    "milestone_flag": false,
    "start_date": "2024-05-20",
    "end_date": "2024-05-22",
    "level": 3
  }
},
{
  "model": "plan_visual_django.planactivity",
  "pk": 3064,
  "fields": {
    "plan": 24,
    "unique_sticky_activity_id": "408",
    "activity_name": "Cutover walkthrough and update",
    "milestone_flag": false,
    "start_date": "2024-05-23",
    "end_date": "2024-05-23",
    "level": 3
  }
},
{
  "model": "plan_visual_django.planactivity",
  "pk": 3065,
  "fields": {
    "plan": 24,
    "unique_sticky_activity_id": "409",
    "activity_name": "Cutover pla  sign off",
    "milestone_flag": false,
    "start_date": "2024-05-23",
    "end_date": "2024-05-23",
    "level": 3
  }
},
{
  "model": "plan_visual_django.planactivity",
  "pk": 3066,
  "fields": {
    "plan": 24,
    "unique_sticky_activity_id": "410",
    "activity_name": "Cutover and Implementation",
    "milestone_flag": false,
    "start_date": "2024-07-15",
    "end_date": "2024-08-07",
    "level": 2
  }
},
{
  "model": "plan_visual_django.planactivity",
  "pk": 3067,
  "fields": {
    "plan": 24,
    "unique_sticky_activity_id": "411",
    "activity_name": "Pre-Prod  Task",
    "milestone_flag": false,
    "start_date": "2024-07-15",
    "end_date": "2024-08-07",
    "level": 3
  }
},
{
  "model": "plan_visual_django.planactivity",
  "pk": 3068,
  "fields": {
    "plan": 24,
    "unique_sticky_activity_id": "412",
    "activity_name": "SBR Go Live asseement workshop",
    "milestone_flag": false,
    "start_date": "2024-07-15",
    "end_date": "2024-07-19",
    "level": 4
  }
},
{
  "model": "plan_visual_django.planactivity",
  "pk": 3069,
  "fields": {
    "plan": 24,
    "unique_sticky_activity_id": "413",
    "activity_name": "Preparation",
    "milestone_flag": false,
    "start_date": "2024-07-15",
    "end_date": "2024-07-17",
    "level": 5
  }
},
{
  "model": "plan_visual_django.planactivity",
  "pk": 3070,
  "fields": {
    "plan": 24,
    "unique_sticky_activity_id": "414",
    "activity_name": "walkthrough",
    "milestone_flag": false,
    "start_date": "2024-07-18",
    "end_date": "2024-07-18",
    "level": 5
  }
},
{
  "model": "plan_visual_django.planactivity",
  "pk": 3071,
  "fields": {
    "plan": 24,
    "unique_sticky_activity_id": "415",
    "activity_name": "feedbback and updates",
    "milestone_flag": false,
    "start_date": "2024-07-19",
    "end_date": "2024-07-19",
    "level": 5
  }
},
{
  "model": "plan_visual_django.planactivity",
  "pk": 3072,
  "fields": {
    "plan": 24,
    "unique_sticky_activity_id": "416",
    "activity_name": "Golden Branch Configuration Verification.",
    "milestone_flag": false,
    "start_date": "2024-07-16",
    "end_date": "2024-07-17",
    "level": 4
  }
},
{
  "model": "plan_visual_django.planactivity",
  "pk": 3073,
  "fields": {
    "plan": 24,
    "unique_sticky_activity_id": "417",
    "activity_name": "FGH to provide Master and Transaction data",
    "milestone_flag": false,
    "start_date": "2024-07-18",
    "end_date": "2024-07-19",
    "level": 4
  }
},
{
  "model": "plan_visual_django.planactivity",
  "pk": 3074,
  "fields": {
    "plan": 24,
    "unique_sticky_activity_id": "418",
    "activity_name": "Verify data",
    "milestone_flag": false,
    "start_date": "2024-07-22",
    "end_date": "2024-07-22",
    "level": 4
  }
},
{
  "model": "plan_visual_django.planactivity",
  "pk": 3075,
  "fields": {
    "plan": 24,
    "unique_sticky_activity_id": "419",
    "activity_name": "Feedback and finalization of data",
    "milestone_flag": false,
    "start_date": "2024-07-23",
    "end_date": "2024-07-23",
    "level": 4
  }
},
{
  "model": "plan_visual_django.planactivity",
  "pk": 3076,
  "fields": {
    "plan": 24,
    "unique_sticky_activity_id": "420",
    "activity_name": "Upload Data Master and Transaction data",
    "milestone_flag": false,
    "start_date": "2024-07-24",
    "end_date": "2024-07-24",
    "level": 4
  }
},
{
  "model": "plan_visual_django.planactivity",
  "pk": 3077,
  "fields": {
    "plan": 24,
    "unique_sticky_activity_id": "421",
    "activity_name": "Vendor, product and Customer master",
    "milestone_flag": false,
    "start_date": "2024-07-25",
    "end_date": "2024-07-25",
    "level": 4
  }
},
{
  "model": "plan_visual_django.planactivity",
  "pk": 3078,
  "fields": {
    "plan": 24,
    "unique_sticky_activity_id": "422",
    "activity_name": "Transactions data",
    "milestone_flag": false,
    "start_date": "2024-07-26",
    "end_date": "2024-07-26",
    "level": 4
  }
},
{
  "model": "plan_visual_django.planactivity",
  "pk": 3079,
  "fields": {
    "plan": 24,
    "unique_sticky_activity_id": "423",
    "activity_name": "Validate Data",
    "milestone_flag": false,
    "start_date": "2024-07-29",
    "end_date": "2024-07-29",
    "level": 4
  }
},
{
  "model": "plan_visual_django.planactivity",
  "pk": 3080,
  "fields": {
    "plan": 24,
    "unique_sticky_activity_id": "424",
    "activity_name": "Feedback and Finalize Data",
    "milestone_flag": false,
    "start_date": "2024-07-30",
    "end_date": "2024-07-30",
    "level": 4
  }
},
{
  "model": "plan_visual_django.planactivity",
  "pk": 3081,
  "fields": {
    "plan": 24,
    "unique_sticky_activity_id": "425",
    "activity_name": "User verifications on cut over activities",
    "milestone_flag": false,
    "start_date": "2024-07-31",
    "end_date": "2024-07-31",
    "level": 4
  }
},
{
  "model": "plan_visual_django.planactivity",
  "pk": 3082,
  "fields": {
    "plan": 24,
    "unique_sticky_activity_id": "426",
    "activity_name": "FGH to provide Closing Balance",
    "milestone_flag": false,
    "start_date": "2024-08-01",
    "end_date": "2024-08-01",
    "level": 4
  }
},
{
  "model": "plan_visual_django.planactivity",
  "pk": 3083,
  "fields": {
    "plan": 24,
    "unique_sticky_activity_id": "427",
    "activity_name": "Closing Balance Transactions data",
    "milestone_flag": false,
    "start_date": "2024-08-02",
    "end_date": "2024-08-02",
    "level": 4
  }
},
{
  "model": "plan_visual_django.planactivity",
  "pk": 3084,
  "fields": {
    "plan": 24,
    "unique_sticky_activity_id": "428",
    "activity_name": "Validate Data",
    "milestone_flag": false,
    "start_date": "2024-08-05",
    "end_date": "2024-08-05",
    "level": 4
  }
},
{
  "model": "plan_visual_django.planactivity",
  "pk": 3085,
  "fields": {
    "plan": 24,
    "unique_sticky_activity_id": "429",
    "activity_name": "Feedback and Finalize Data",
    "milestone_flag": false,
    "start_date": "2024-08-06",
    "end_date": "2024-08-06",
    "level": 4
  }
},
{
  "model": "plan_visual_django.planactivity",
  "pk": 3086,
  "fields": {
    "plan": 24,
    "unique_sticky_activity_id": "430",
    "activity_name": "FGH Sign off on pre-Cut over activities",
    "milestone_flag": false,
    "start_date": "2024-08-07",
    "end_date": "2024-08-07",
    "level": 4
  }
},
{
  "model": "plan_visual_django.planactivity",
  "pk": 3087,
  "fields": {
    "plan": 24,
    "unique_sticky_activity_id": "431",
    "activity_name": "SBR Go Live re-assessment",
    "milestone_flag": false,
    "start_date": "2024-07-22",
    "end_date": "2024-07-31",
    "level": 2
  }
},
{
  "model": "plan_visual_django.planactivity",
  "pk": 3088,
  "fields": {
    "plan": 24,
    "unique_sticky_activity_id": "432",
    "activity_name": "SBR Go Live assessment Workshop preparation",
    "milestone_flag": false,
    "start_date": "2024-07-22",
    "end_date": "2024-07-24",
    "level": 3
  }
},
{
  "model": "plan_visual_django.planactivity",
  "pk": 3089,
  "fields": {
    "plan": 24,
    "unique_sticky_activity_id": "433",
    "activity_name": "SBR workshop",
    "milestone_flag": false,
    "start_date": "2024-07-25",
    "end_date": "2024-07-25",
    "level": 3
  }
},
{
  "model": "plan_visual_django.planactivity",
  "pk": 3090,
  "fields": {
    "plan": 24,
    "unique_sticky_activity_id": "434",
    "activity_name": "SBR workshop feedback implementation",
    "milestone_flag": false,
    "start_date": "2024-07-26",
    "end_date": "2024-07-30",
    "level": 3
  }
},
{
  "model": "plan_visual_django.planactivity",
  "pk": 3091,
  "fields": {
    "plan": 24,
    "unique_sticky_activity_id": "435",
    "activity_name": "SBR Go Live assessment Review and Sign off",
    "milestone_flag": false,
    "start_date": "2024-07-31",
    "end_date": "2024-07-31",
    "level": 3
  }
},
{
  "model": "plan_visual_django.planactivity",
  "pk": 3092,
  "fields": {
    "plan": 24,
    "unique_sticky_activity_id": "436",
    "activity_name": "Mock Dry Run - 1",
    "milestone_flag": false,
    "start_date": "2024-08-08",
    "end_date": "2024-08-20",
    "level": 2
  }
},
{
  "model": "plan_visual_django.planactivity",
  "pk": 3093,
  "fields": {
    "plan": 24,
    "unique_sticky_activity_id": "437",
    "activity_name": " Test site is built as copy of Prod site",
    "milestone_flag": false,
    "start_date": "2024-08-08",
    "end_date": "2024-08-12",
    "level": 3
  }
},
{
  "model": "plan_visual_django.planactivity",
  "pk": 3094,
  "fields": {
    "plan": 24,
    "unique_sticky_activity_id": "438",
    "activity_name": " Apply manual configuration",
    "milestone_flag": false,
    "start_date": "2024-08-13",
    "end_date": "2024-08-15",
    "level": 3
  }
},
{
  "model": "plan_visual_django.planactivity",
  "pk": 3095,
  "fields": {
    "plan": 24,
    "unique_sticky_activity_id": "439",
    "activity_name": " Perform the data loads",
    "milestone_flag": false,
    "start_date": "2024-08-16",
    "end_date": "2024-08-19",
    "level": 3
  }
},
{
  "model": "plan_visual_django.planactivity",
  "pk": 3096,
  "fields": {
    "plan": 24,
    "unique_sticky_activity_id": "440",
    "activity_name": " Execute the cut-over",
    "milestone_flag": false,
    "start_date": "2024-08-20",
    "end_date": "2024-08-20",
    "level": 3
  }
},
{
  "model": "plan_visual_django.planactivity",
  "pk": 3097,
  "fields": {
    "plan": 24,
    "unique_sticky_activity_id": "441",
    "activity_name": "Go live Activities",
    "milestone_flag": false,
    "start_date": "2024-08-20",
    "end_date": "2024-08-30",
    "level": 2
  }
},
{
  "model": "plan_visual_django.planactivity",
  "pk": 3098,
  "fields": {
    "plan": 24,
    "unique_sticky_activity_id": "442",
    "activity_name": "Production movement approval",
    "milestone_flag": false,
    "start_date": "2024-08-20",
    "end_date": "2024-08-20",
    "level": 3
  }
},
{
  "model": "plan_visual_django.planactivity",
  "pk": 3099,
  "fields": {
    "plan": 24,
    "unique_sticky_activity_id": "443",
    "activity_name": "Final Production Data Migration",
    "milestone_flag": false,
    "start_date": "2024-08-21",
    "end_date": "2024-08-22",
    "level": 3
  }
},
{
  "model": "plan_visual_django.planactivity",
  "pk": 3100,
  "fields": {
    "plan": 24,
    "unique_sticky_activity_id": "444",
    "activity_name": "Data migration Validation in accordance with Companys requirements (including opening balances and master data)",
    "milestone_flag": false,
    "start_date": "2024-08-23",
    "end_date": "2024-08-23",
    "level": 3
  }
},
{
  "model": "plan_visual_django.planactivity",
  "pk": 3101,
  "fields": {
    "plan": 24,
    "unique_sticky_activity_id": "445",
    "activity_name": "Integrations verifications (including to banks and all required Applications)",
    "milestone_flag": false,
    "start_date": "2024-08-23",
    "end_date": "2024-08-23",
    "level": 3
  }
},
{
  "model": "plan_visual_django.planactivity",
  "pk": 3102,
  "fields": {
    "plan": 24,
    "unique_sticky_activity_id": "446",
    "activity_name": "Deployment signoff",
    "milestone_flag": false,
    "start_date": "2024-08-23",
    "end_date": "2024-08-23",
    "level": 3
  }
},
{
  "model": "plan_visual_django.planactivity",
  "pk": 3103,
  "fields": {
    "plan": 24,
    "unique_sticky_activity_id": "447",
    "activity_name": "Gold environment deployment",
    "milestone_flag": false,
    "start_date": "2024-08-26",
    "end_date": "2024-08-26",
    "level": 3
  }
},
{
  "model": "plan_visual_django.planactivity",
  "pk": 3104,
  "fields": {
    "plan": 24,
    "unique_sticky_activity_id": "448",
    "activity_name": "Source code, Software artifacts (including object code) and related documentation for all Software",
    "milestone_flag": false,
    "start_date": "2024-08-27",
    "end_date": "2024-08-27",
    "level": 3
  }
},
{
  "model": "plan_visual_django.planactivity",
  "pk": 3105,
  "fields": {
    "plan": 24,
    "unique_sticky_activity_id": "449",
    "activity_name": "Deploy all functionality into production",
    "milestone_flag": false,
    "start_date": "2024-08-27",
    "end_date": "2024-08-27",
    "level": 3
  }
},
{
  "model": "plan_visual_django.planactivity",
  "pk": 3106,
  "fields": {
    "plan": 24,
    "unique_sticky_activity_id": "450",
    "activity_name": "Migrate solution to gold and production",
    "milestone_flag": false,
    "start_date": "2024-08-28",
    "end_date": "2024-08-29",
    "level": 3
  }
},
{
  "model": "plan_visual_django.planactivity",
  "pk": 3107,
  "fields": {
    "plan": 24,
    "unique_sticky_activity_id": "451",
    "activity_name": "Complete Deployment (Go-Live)",
    "milestone_flag": false,
    "start_date": "2024-08-30",
    "end_date": "2024-08-30",
    "level": 3
  }
},
{
  "model": "plan_visual_django.planactivity",
  "pk": 3108,
  "fields": {
    "plan": 24,
    "unique_sticky_activity_id": "452",
    "activity_name": "Hypercare- Steady State",
    "milestone_flag": false,
    "start_date": "2024-09-02",
    "end_date": "2024-10-11",
    "level": 2
  }
},
{
  "model": "plan_visual_django.planactivity",
  "pk": 3109,
  "fields": {
    "plan": 24,
    "unique_sticky_activity_id": "453",
    "activity_name": "FGH SCM  Implementation Project Closure",
    "milestone_flag": false,
    "start_date": "2024-10-14",
    "end_date": "2024-10-14",
    "level": 1
  }
},
{
  "model": "plan_visual_django.planactivity",
  "pk": 3110,
  "fields": {
    "plan": 24,
    "unique_sticky_activity_id": "456",
    "activity_name": "FGH - Business Change",
    "milestone_flag": false,
    "start_date": "2022-06-10",
    "end_date": "2022-06-10",
    "level": 1
  }
},
{
  "model": "plan_visual_django.planactivity",
  "pk": 3111,
  "fields": {
    "plan": 24,
    "unique_sticky_activity_id": "457",
    "activity_name": "Change Impact Analysis",
    "milestone_flag": true,
    "start_date": "2022-06-10",
    "end_date": "2022-06-10",
    "level": 2
  }
},
{
  "model": "plan_visual_django.planactivity",
  "pk": 3112,
  "fields": {
    "plan": 24,
    "unique_sticky_activity_id": "462",
    "activity_name": "Training",
    "milestone_flag": true,
    "start_date": "2022-06-10",
    "end_date": "2022-06-10",
    "level": 2
  }
},
{
  "model": "plan_visual_django.planactivity",
  "pk": 3113,
  "fields": {
    "plan": 24,
    "unique_sticky_activity_id": "467",
    "activity_name": "Comms",
    "milestone_flag": true,
    "start_date": "2022-06-10",
    "end_date": "2022-06-10",
    "level": 2
  }
},
{
  "model": "plan_visual_django.planactivity",
  "pk": 3114,
  "fields": {
    "plan": 24,
    "unique_sticky_activity_id": "473",
    "activity_name": "M/S SBR Deliverables",
    "milestone_flag": false,
    "start_date": "2022-06-10",
    "end_date": "2023-01-12",
    "level": 1
  }
},
{
  "model": "plan_visual_django.planactivity",
  "pk": 3115,
  "fields": {
    "plan": 24,
    "unique_sticky_activity_id": "477",
    "activity_name": "SBR Review",
    "milestone_flag": false,
    "start_date": "2022-06-10",
    "end_date": "2023-01-12",
    "level": 2
  }
},
{
  "model": "plan_visual_django.planactivity",
  "pk": 3116,
  "fields": {
    "plan": 24,
    "unique_sticky_activity_id": "478",
    "activity_name": " SBR Process Strategy Creations",
    "milestone_flag": false,
    "start_date": "2022-12-26",
    "end_date": "2023-01-02",
    "level": 3
  }
},
{
  "model": "plan_visual_django.planactivity",
  "pk": 3117,
  "fields": {
    "plan": 24,
    "unique_sticky_activity_id": "479",
    "activity_name": " Program Strategy",
    "milestone_flag": false,
    "start_date": "2022-12-26",
    "end_date": "2022-12-26",
    "level": 4
  }
},
{
  "model": "plan_visual_django.planactivity",
  "pk": 3118,
  "fields": {
    "plan": 24,
    "unique_sticky_activity_id": "480",
    "activity_name": " Test Strategy",
    "milestone_flag": false,
    "start_date": "2022-12-27",
    "end_date": "2022-12-27",
    "level": 4
  }
},
{
  "model": "plan_visual_django.planactivity",
  "pk": 3119,
  "fields": {
    "plan": 24,
    "unique_sticky_activity_id": "481",
    "activity_name": " Business Process Strategy",
    "milestone_flag": false,
    "start_date": "2022-12-27",
    "end_date": "2022-12-27",
    "level": 4
  }
},
{
  "model": "plan_visual_django.planactivity",
  "pk": 3120,
  "fields": {
    "plan": 24,
    "unique_sticky_activity_id": "482",
    "activity_name": " Application Strategy",
    "milestone_flag": false,
    "start_date": "2022-12-28",
    "end_date": "2022-12-28",
    "level": 4
  }
},
{
  "model": "plan_visual_django.planactivity",
  "pk": 3121,
  "fields": {
    "plan": 24,
    "unique_sticky_activity_id": "483",
    "activity_name": " Data Strategy",
    "milestone_flag": false,
    "start_date": "2022-12-28",
    "end_date": "2022-12-28",
    "level": 4
  }
},
{
  "model": "plan_visual_django.planactivity",
  "pk": 3122,
  "fields": {
    "plan": 24,
    "unique_sticky_activity_id": "484",
    "activity_name": " Integration Strategy",
    "milestone_flag": false,
    "start_date": "2022-12-29",
    "end_date": "2022-12-29",
    "level": 4
  }
},
{
  "model": "plan_visual_django.planactivity",
  "pk": 3123,
  "fields": {
    "plan": 24,
    "unique_sticky_activity_id": "485",
    "activity_name": " Intelligence Strategy",
    "milestone_flag": false,
    "start_date": "2022-12-29",
    "end_date": "2022-12-29",
    "level": 4
  }
},
{
  "model": "plan_visual_django.planactivity",
  "pk": 3124,
  "fields": {
    "plan": 24,
    "unique_sticky_activity_id": "486",
    "activity_name": " Security Strategy",
    "milestone_flag": false,
    "start_date": "2022-12-30",
    "end_date": "2022-12-30",
    "level": 4
  }
},
{
  "model": "plan_visual_django.planactivity",
  "pk": 3125,
  "fields": {
    "plan": 24,
    "unique_sticky_activity_id": "487",
    "activity_name": " Application Lifecycle Management Strategy",
    "milestone_flag": false,
    "start_date": "2022-12-30",
    "end_date": "2022-12-30",
    "level": 4
  }
},
{
  "model": "plan_visual_django.planactivity",
  "pk": 3126,
  "fields": {
    "plan": 24,
    "unique_sticky_activity_id": "488",
    "activity_name": " Environment and Capcity Strategy",
    "milestone_flag": false,
    "start_date": "2023-01-02",
    "end_date": "2023-01-02",
    "level": 4
  }
},
{
  "model": "plan_visual_django.planactivity",
  "pk": 3127,
  "fields": {
    "plan": 24,
    "unique_sticky_activity_id": "489",
    "activity_name": "SBR Process Strategy Submission",
    "milestone_flag": false,
    "start_date": "2023-01-03",
    "end_date": "2023-01-04",
    "level": 3
  }
},
{
  "model": "plan_visual_django.planactivity",
  "pk": 3128,
  "fields": {
    "plan": 24,
    "unique_sticky_activity_id": "490",
    "activity_name": "SBR Process walk through and feedback implementation",
    "milestone_flag": false,
    "start_date": "2023-01-05",
    "end_date": "2023-01-05",
    "level": 3
  }
},
{
  "model": "plan_visual_django.planactivity",
  "pk": 3129,
  "fields": {
    "plan": 24,
    "unique_sticky_activity_id": "491",
    "activity_name": "SBR process sign off",
    "milestone_flag": false,
    "start_date": "2023-01-06",
    "end_date": "2023-01-12",
    "level": 3
  }
},
{
  "model": "plan_visual_django.planactivity",
  "pk": 3130,
  "fields": {
    "plan": 24,
    "unique_sticky_activity_id": "492",
    "activity_name": "Arch Deliverables",
    "milestone_flag": false,
    "start_date": "2022-06-10",
    "end_date": "2022-06-16",
    "level": 3
  }
},
{
  "model": "plan_visual_django.planactivity",
  "pk": 3131,
  "fields": {
    "plan": 24,
    "unique_sticky_activity_id": "493",
    "activity_name": "As-is Business Process",
    "milestone_flag": false,
    "start_date": "2022-06-10",
    "end_date": "2022-06-16",
    "level": 4
  }
},
{
  "model": "plan_visual_django.font",
  "pk": 1,
  "fields": {
    "font_name": "1"
  }
},
{
  "model": "plan_visual_django.plotableshapetype",
  "pk": 1,
  "fields": {
    "name": "RECTANGLE_BASED"
  }
},
{
  "model": "plan_visual_django.plotableshape",
  "pk": 1,
  "fields": {
    "shape_type": 1,
    "name": "RECTANGLE"
  }
},
{
  "model": "plan_visual_django.plotableshape",
  "pk": 2,
  "fields": {
    "shape_type": 1,
    "name": "DIAMOND"
  }
},
{
  "model": "plan_visual_django.plotableshape",
  "pk": 3,
  "fields": {
    "shape_type": 1,
    "name": "BULLET"
  }
},
{
  "model": "plan_visual_django.plotableshape",
  "pk": 4,
  "fields": {
    "shape_type": 1,
    "name": "ROUNDED_RECTANGLE"
  }
},
{
  "model": "plan_visual_django.plotableshape",
  "pk": 5,
  "fields": {
    "shape_type": 1,
    "name": "ISOSCELES"
  }
},
{
  "model": "plan_visual_django.planvisual",
  "pk": 12,
  "fields": {
    "plan": 18,
    "name": "Plan-Visual-01",
    "width": 1200.0,
    "max_height": 800.0,
    "include_title": false,
    "track_height": 25.0,
    "track_gap": 5.0,
    "milestone_width": 12.0,
    "swimlane_gap": 10.0,
    "default_milestone_shape": 2,
    "default_activity_shape": 1,
    "default_activity_plotable_style": 34,
    "default_milestone_plotable_style": 37,
    "default_swimlane_plotable_style": 39,
    "default_timeline_height": 20.0,
    "default_timeline_plotable_style_odd": 41,
    "default_timeline_plotable_style_even": 42
  }
},
{
  "model": "plan_visual_django.planvisual",
  "pk": 15,
  "fields": {
    "plan": 21,
    "name": "New-FS-01-Visual-01",
    "width": 1200.0,
    "max_height": 800.0,
    "include_title": false,
    "track_height": 20.0,
    "track_gap": 4.0,
    "milestone_width": 10.0,
    "swimlane_gap": 5.0,
    "default_milestone_shape": 2,
    "default_activity_shape": 1,
    "default_activity_plotable_style": 34,
    "default_milestone_plotable_style": 37,
    "default_swimlane_plotable_style": 39,
    "default_timeline_height": 20.0,
    "default_timeline_plotable_style_odd": 41,
    "default_timeline_plotable_style_even": 42
  }
},
{
  "model": "plan_visual_django.planvisual",
  "pk": 17,
  "fields": {
    "plan": 23,
    "name": "Plan-02ABC-Visual-01",
    "width": 1200.0,
    "max_height": 800.0,
    "include_title": false,
    "track_height": 20.0,
    "track_gap": 4.0,
    "milestone_width": 10.0,
    "swimlane_gap": 5.0,
    "default_milestone_shape": 2,
    "default_activity_shape": 1,
    "default_activity_plotable_style": 34,
    "default_milestone_plotable_style": 37,
    "default_swimlane_plotable_style": 39,
    "default_timeline_height": 20.0,
    "default_timeline_plotable_style_odd": 41,
    "default_timeline_plotable_style_even": 42
  }
},
{
  "model": "plan_visual_django.planvisual",
  "pk": 18,
  "fields": {
    "plan": 23,
    "name": "Plan-02ABC-Visual-02",
    "width": 1200.0,
    "max_height": 800.0,
    "include_title": false,
    "track_height": 20.0,
    "track_gap": 4.0,
    "milestone_width": 10.0,
    "swimlane_gap": 5.0,
    "default_milestone_shape": 2,
    "default_activity_shape": 1,
    "default_activity_plotable_style": 34,
    "default_milestone_plotable_style": 37,
    "default_swimlane_plotable_style": 39,
    "default_timeline_height": 20.0,
    "default_timeline_plotable_style_odd": 41,
    "default_timeline_plotable_style_even": 42
  }
},
{
  "model": "plan_visual_django.planvisual",
  "pk": 19,
  "fields": {
    "plan": 23,
    "name": "Plan-02ABC-Visual-03",
    "width": 1200.0,
    "max_height": 800.0,
    "include_title": false,
    "track_height": 20.0,
    "track_gap": 4.0,
    "milestone_width": 10.0,
    "swimlane_gap": 5.0,
    "default_milestone_shape": 2,
    "default_activity_shape": 1,
    "default_activity_plotable_style": 34,
    "default_milestone_plotable_style": 37,
    "default_swimlane_plotable_style": 39,
    "default_timeline_height": 20.0,
    "default_timeline_plotable_style_odd": 41,
    "default_timeline_plotable_style_even": 42
  }
},
{
  "model": "plan_visual_django.planvisual",
  "pk": 20,
  "fields": {
    "plan": 23,
    "name": "Plan-02ABC-Visual-04",
    "width": 1200.0,
    "max_height": 800.0,
    "include_title": false,
    "track_height": 20.0,
    "track_gap": 4.0,
    "milestone_width": 10.0,
    "swimlane_gap": 5.0,
    "default_milestone_shape": 2,
    "default_activity_shape": 1,
    "default_activity_plotable_style": 34,
    "default_milestone_plotable_style": 37,
    "default_swimlane_plotable_style": 39,
    "default_timeline_height": 20.0,
    "default_timeline_plotable_style_odd": 41,
    "default_timeline_plotable_style_even": 42
  }
},
{
  "model": "plan_visual_django.planvisual",
  "pk": 21,
  "fields": {
    "plan": 18,
    "name": "Plan-Visual-02",
    "width": 1200.0,
    "max_height": 800.0,
    "include_title": false,
    "track_height": 20.0,
    "track_gap": 4.0,
    "milestone_width": 10.0,
    "swimlane_gap": 5.0,
    "default_milestone_shape": 2,
    "default_activity_shape": 1,
    "default_activity_plotable_style": 34,
    "default_milestone_plotable_style": 37,
    "default_swimlane_plotable_style": 39,
    "default_timeline_height": 20.0,
    "default_timeline_plotable_style_odd": 41,
    "default_timeline_plotable_style_even": 42
  }
},
{
  "model": "plan_visual_django.planvisual",
  "pk": 22,
  "fields": {
    "plan": 18,
    "name": "Plan-Visual-03",
    "width": 1200.0,
    "max_height": 800.0,
    "include_title": false,
    "track_height": 20.0,
    "track_gap": 4.0,
    "milestone_width": 10.0,
    "swimlane_gap": 5.0,
    "default_milestone_shape": 2,
    "default_activity_shape": 1,
    "default_activity_plotable_style": 34,
    "default_milestone_plotable_style": 37,
    "default_swimlane_plotable_style": 39,
    "default_timeline_height": 20.0,
    "default_timeline_plotable_style_odd": 41,
    "default_timeline_plotable_style_even": 42
  }
},
{
  "model": "plan_visual_django.planvisual",
  "pk": 23,
  "fields": {
    "plan": 18,
    "name": "Plan-Visual-04",
    "width": 1200.0,
    "max_height": 800.0,
    "include_title": false,
    "track_height": 20.0,
    "track_gap": 4.0,
    "milestone_width": 10.0,
    "swimlane_gap": 5.0,
    "default_milestone_shape": 2,
    "default_activity_shape": 1,
    "default_activity_plotable_style": 34,
    "default_milestone_plotable_style": 37,
    "default_swimlane_plotable_style": 39,
    "default_timeline_height": 20.0,
    "default_timeline_plotable_style_odd": 41,
    "default_timeline_plotable_style_even": 42
  }
},
{
  "model": "plan_visual_django.planvisual",
  "pk": 24,
  "fields": {
    "plan": 24,
    "name": "Plan 1-Visual-01",
    "width": 1200.0,
    "max_height": 800.0,
    "include_title": false,
    "track_height": 20.0,
    "track_gap": 4.0,
    "milestone_width": 10.0,
    "swimlane_gap": 5.0,
    "default_milestone_shape": 2,
    "default_activity_shape": 1,
    "default_activity_plotable_style": 34,
    "default_milestone_plotable_style": 37,
    "default_swimlane_plotable_style": 39,
    "default_timeline_height": 20.0,
    "default_timeline_plotable_style_odd": 41,
    "default_timeline_plotable_style_even": 42
  }
},
{
  "model": "plan_visual_django.timelineforvisual",
  "pk": 5,
  "fields": {
    "plan_visual": 12,
    "timeline_type": "MONTHS",
    "timeline_name": "Months",
    "timeline_height": 25.0,
    "plotable_style_odd": 2,
    "plotable_style_even": 4,
    "sequence_number": 1,
    "enabled": true
  }
},
{
  "model": "plan_visual_django.timelineforvisual",
  "pk": 10,
  "fields": {
    "plan_visual": 17,
    "timeline_type": "MONTHS",
    "timeline_name": "Months",
    "timeline_height": 25.0,
    "plotable_style_odd": 41,
    "plotable_style_even": 42,
    "sequence_number": 2,
    "enabled": true
  }
},
{
  "model": "plan_visual_django.timelineforvisual",
  "pk": 11,
  "fields": {
    "plan_visual": 17,
    "timeline_type": "QUARTERS",
    "timeline_name": "Quarters",
    "timeline_height": 25.0,
    "plotable_style_odd": 41,
    "plotable_style_even": 42,
    "sequence_number": 1,
    "enabled": false
  }
},
{
  "model": "plan_visual_django.timelineforvisual",
  "pk": 12,
  "fields": {
    "plan_visual": 18,
    "timeline_type": "MONTHS",
    "timeline_name": "MONTHS",
    "timeline_height": 20.0,
    "plotable_style_odd": 41,
    "plotable_style_even": 42,
    "sequence_number": 1,
    "enabled": false
  }
},
{
  "model": "plan_visual_django.timelineforvisual",
  "pk": 13,
  "fields": {
    "plan_visual": 19,
    "timeline_type": "MONTHS",
    "timeline_name": "MONTHS",
    "timeline_height": 20.0,
    "plotable_style_odd": 41,
    "plotable_style_even": 42,
    "sequence_number": 1,
    "enabled": false
  }
},
{
  "model": "plan_visual_django.timelineforvisual",
  "pk": 14,
  "fields": {
    "plan_visual": 20,
    "timeline_type": "MONTHS",
    "timeline_name": "MONTHS",
    "timeline_height": 20.0,
    "plotable_style_odd": 41,
    "plotable_style_even": 42,
    "sequence_number": 4,
    "enabled": true
  }
},
{
  "model": "plan_visual_django.timelineforvisual",
  "pk": 15,
  "fields": {
    "plan_visual": 20,
    "timeline_type": "QUARTERS",
    "timeline_name": "QUARTERS",
    "timeline_height": 20.0,
    "plotable_style_odd": 41,
    "plotable_style_even": 42,
    "sequence_number": 1,
    "enabled": true
  }
},
{
  "model": "plan_visual_django.timelineforvisual",
  "pk": 16,
  "fields": {
    "plan_visual": 20,
    "timeline_type": "HALF_YEAR",
    "timeline_name": "HALF_YEAR",
    "timeline_height": 20.0,
    "plotable_style_odd": 41,
    "plotable_style_even": 42,
    "sequence_number": 2,
    "enabled": false
  }
},
{
  "model": "plan_visual_django.timelineforvisual",
  "pk": 17,
  "fields": {
    "plan_visual": 20,
    "timeline_type": "YEAR",
    "timeline_name": "YEAR",
    "timeline_height": 20.0,
    "plotable_style_odd": 41,
    "plotable_style_even": 42,
    "sequence_number": 3,
    "enabled": false
  }
},
{
  "model": "plan_visual_django.timelineforvisual",
  "pk": 18,
  "fields": {
    "plan_visual": 21,
    "timeline_type": "MONTHS",
    "timeline_name": "MONTHS",
    "timeline_height": 20.0,
    "plotable_style_odd": 41,
    "plotable_style_even": 2,
    "sequence_number": 1,
    "enabled": true
  }
},
{
  "model": "plan_visual_django.timelineforvisual",
  "pk": 19,
  "fields": {
    "plan_visual": 21,
    "timeline_type": "QUARTERS",
    "timeline_name": "QUARTERS",
    "timeline_height": 20.0,
    "plotable_style_odd": 1,
    "plotable_style_even": 42,
    "sequence_number": 2,
    "enabled": true
  }
},
{
  "model": "plan_visual_django.timelineforvisual",
  "pk": 20,
  "fields": {
    "plan_visual": 21,
    "timeline_type": "HALF_YEAR",
    "timeline_name": "HALF_YEAR",
    "timeline_height": 20.0,
    "plotable_style_odd": 5,
    "plotable_style_even": 6,
    "sequence_number": 3,
    "enabled": true
  }
},
{
  "model": "plan_visual_django.timelineforvisual",
  "pk": 21,
  "fields": {
    "plan_visual": 21,
    "timeline_type": "YEAR",
    "timeline_name": "YEAR",
    "timeline_height": 20.0,
    "plotable_style_odd": 3,
    "plotable_style_even": 42,
    "sequence_number": 4,
    "enabled": true
  }
},
{
  "model": "plan_visual_django.timelineforvisual",
  "pk": 22,
  "fields": {
    "plan_visual": 22,
    "timeline_type": "MONTHS",
    "timeline_name": "MONTHS",
    "timeline_height": 20.0,
    "plotable_style_odd": 41,
    "plotable_style_even": 42,
    "sequence_number": 1,
    "enabled": true
  }
},
{
  "model": "plan_visual_django.timelineforvisual",
  "pk": 23,
  "fields": {
    "plan_visual": 22,
    "timeline_type": "QUARTERS",
    "timeline_name": "QUARTERS",
    "timeline_height": 20.0,
    "plotable_style_odd": 41,
    "plotable_style_even": 42,
    "sequence_number": 2,
    "enabled": false
  }
},
{
  "model": "plan_visual_django.timelineforvisual",
  "pk": 24,
  "fields": {
    "plan_visual": 22,
    "timeline_type": "HALF_YEAR",
    "timeline_name": "HALF_YEAR",
    "timeline_height": 20.0,
    "plotable_style_odd": 41,
    "plotable_style_even": 42,
    "sequence_number": 3,
    "enabled": false
  }
},
{
  "model": "plan_visual_django.timelineforvisual",
  "pk": 25,
  "fields": {
    "plan_visual": 22,
    "timeline_type": "YEAR",
    "timeline_name": "YEAR",
    "timeline_height": 20.0,
    "plotable_style_odd": 41,
    "plotable_style_even": 42,
    "sequence_number": 4,
    "enabled": false
  }
},
{
  "model": "plan_visual_django.timelineforvisual",
  "pk": 26,
  "fields": {
    "plan_visual": 23,
    "timeline_type": "MONTHS",
    "timeline_name": "MONTHS",
    "timeline_height": 20.0,
    "plotable_style_odd": 41,
    "plotable_style_even": 42,
    "sequence_number": 1,
    "enabled": true
  }
},
{
  "model": "plan_visual_django.timelineforvisual",
  "pk": 27,
  "fields": {
    "plan_visual": 23,
    "timeline_type": "QUARTERS",
    "timeline_name": "QUARTERS",
    "timeline_height": 20.0,
    "plotable_style_odd": 41,
    "plotable_style_even": 42,
    "sequence_number": 2,
    "enabled": false
  }
},
{
  "model": "plan_visual_django.timelineforvisual",
  "pk": 28,
  "fields": {
    "plan_visual": 23,
    "timeline_type": "HALF_YEAR",
    "timeline_name": "HALF_YEAR",
    "timeline_height": 20.0,
    "plotable_style_odd": 41,
    "plotable_style_even": 42,
    "sequence_number": 3,
    "enabled": false
  }
},
{
  "model": "plan_visual_django.timelineforvisual",
  "pk": 29,
  "fields": {
    "plan_visual": 23,
    "timeline_type": "YEAR",
    "timeline_name": "YEAR",
    "timeline_height": 20.0,
    "plotable_style_odd": 41,
    "plotable_style_even": 42,
    "sequence_number": 4,
    "enabled": false
  }
},
{
  "model": "plan_visual_django.timelineforvisual",
  "pk": 30,
  "fields": {
    "plan_visual": 24,
    "timeline_type": "MONTHS",
    "timeline_name": "MONTHS",
    "timeline_height": 20.0,
    "plotable_style_odd": 41,
    "plotable_style_even": 42,
    "sequence_number": 1,
    "enabled": true
  }
},
{
  "model": "plan_visual_django.timelineforvisual",
  "pk": 31,
  "fields": {
    "plan_visual": 24,
    "timeline_type": "QUARTERS",
    "timeline_name": "QUARTERS",
    "timeline_height": 20.0,
    "plotable_style_odd": 41,
    "plotable_style_even": 42,
    "sequence_number": 2,
    "enabled": true
  }
},
{
  "model": "plan_visual_django.timelineforvisual",
  "pk": 32,
  "fields": {
    "plan_visual": 24,
    "timeline_type": "HALF_YEAR",
    "timeline_name": "HALF_YEAR",
    "timeline_height": 20.0,
    "plotable_style_odd": 41,
    "plotable_style_even": 42,
    "sequence_number": 3,
    "enabled": false
  }
},
{
  "model": "plan_visual_django.timelineforvisual",
  "pk": 33,
  "fields": {
    "plan_visual": 24,
    "timeline_type": "YEAR",
    "timeline_name": "YEAR",
    "timeline_height": 20.0,
    "plotable_style_odd": 41,
    "plotable_style_even": 42,
    "sequence_number": 4,
    "enabled": false
  }
},
{
  "model": "plan_visual_django.swimlaneforvisual",
  "pk": 19,
  "fields": {
    "plan_visual": 12,
    "swim_lane_name": "(default)",
    "plotable_style": 39,
    "sequence_number": 2
  }
},
{
  "model": "plan_visual_django.swimlaneforvisual",
  "pk": 20,
  "fields": {
    "plan_visual": 12,
    "swim_lane_name": "Second",
    "plotable_style": 40,
    "sequence_number": 1
  }
},
{
  "model": "plan_visual_django.swimlaneforvisual",
  "pk": 26,
  "fields": {
    "plan_visual": 15,
    "swim_lane_name": "(default)",
    "plotable_style": 39,
    "sequence_number": 1
  }
},
{
  "model": "plan_visual_django.swimlaneforvisual",
  "pk": 28,
  "fields": {
    "plan_visual": 17,
    "swim_lane_name": "(default)",
    "plotable_style": 5,
    "sequence_number": 1
  }
},
{
  "model": "plan_visual_django.swimlaneforvisual",
  "pk": 29,
  "fields": {
    "plan_visual": 17,
    "swim_lane_name": "Milestones",
    "plotable_style": 39,
    "sequence_number": 500
  }
},
{
  "model": "plan_visual_django.swimlaneforvisual",
  "pk": 30,
  "fields": {
    "plan_visual": 18,
    "swim_lane_name": "(default)",
    "plotable_style": 39,
    "sequence_number": 1
  }
},
{
  "model": "plan_visual_django.swimlaneforvisual",
  "pk": 31,
  "fields": {
    "plan_visual": 19,
    "swim_lane_name": "(default)",
    "plotable_style": 39,
    "sequence_number": 1
  }
},
{
  "model": "plan_visual_django.swimlaneforvisual",
  "pk": 32,
  "fields": {
    "plan_visual": 20,
    "swim_lane_name": "(default)",
    "plotable_style": 39,
    "sequence_number": 1
  }
},
{
  "model": "plan_visual_django.swimlaneforvisual",
  "pk": 33,
  "fields": {
    "plan_visual": 20,
    "swim_lane_name": "Swimlane 1",
    "plotable_style": 40,
    "sequence_number": 2
  }
},
{
  "model": "plan_visual_django.swimlaneforvisual",
  "pk": 34,
  "fields": {
    "plan_visual": 21,
    "swim_lane_name": "(default)",
    "plotable_style": 39,
    "sequence_number": 1
  }
},
{
  "model": "plan_visual_django.swimlaneforvisual",
  "pk": 35,
  "fields": {
    "plan_visual": 22,
    "swim_lane_name": "Swimlane 1",
    "plotable_style": 39,
    "sequence_number": 1
  }
},
{
  "model": "plan_visual_django.swimlaneforvisual",
  "pk": 36,
  "fields": {
    "plan_visual": 22,
    "swim_lane_name": "Swimlane 2",
    "plotable_style": 39,
    "sequence_number": 2
  }
},
{
  "model": "plan_visual_django.swimlaneforvisual",
  "pk": 37,
  "fields": {
    "plan_visual": 22,
    "swim_lane_name": "Swimlane 3",
    "plotable_style": 39,
    "sequence_number": 3
  }
},
{
  "model": "plan_visual_django.swimlaneforvisual",
  "pk": 38,
  "fields": {
    "plan_visual": 22,
    "swim_lane_name": "(default)",
    "plotable_style": 39,
    "sequence_number": 4
  }
},
{
  "model": "plan_visual_django.swimlaneforvisual",
  "pk": 39,
  "fields": {
    "plan_visual": 23,
    "swim_lane_name": "Swimlane 1",
    "plotable_style": 39,
    "sequence_number": 1
  }
},
{
  "model": "plan_visual_django.swimlaneforvisual",
  "pk": 40,
  "fields": {
    "plan_visual": 23,
    "swim_lane_name": "Swimlane 2",
    "plotable_style": 39,
    "sequence_number": 2
  }
},
{
  "model": "plan_visual_django.swimlaneforvisual",
  "pk": 41,
  "fields": {
    "plan_visual": 23,
    "swim_lane_name": "Swimlane 3",
    "plotable_style": 39,
    "sequence_number": 3
  }
},
{
  "model": "plan_visual_django.swimlaneforvisual",
  "pk": 42,
  "fields": {
    "plan_visual": 24,
    "swim_lane_name": "Swimlane 1",
    "plotable_style": 39,
    "sequence_number": 1
  }
},
{
  "model": "plan_visual_django.swimlaneforvisual",
  "pk": 43,
  "fields": {
    "plan_visual": 24,
    "swim_lane_name": "Swimlane 2",
    "plotable_style": 39,
    "sequence_number": 2
  }
},
{
  "model": "plan_visual_django.swimlaneforvisual",
  "pk": 44,
  "fields": {
    "plan_visual": 24,
    "swim_lane_name": "Swimlane 3",
    "plotable_style": 39,
    "sequence_number": 3
  }
},
{
  "model": "plan_visual_django.visualactivity",
  "pk": 562,
  "fields": {
    "visual": 12,
    "unique_id_from_plan": "ID-0005",
    "enabled": true,
    "swimlane": 20,
    "plotable_shape": 3,
    "vertical_positioning_value": 3.0,
    "height_in_tracks": 1.0,
    "text_horizontal_alignment": "LEFT",
    "text_vertical_alignment": "MIDDLE",
    "text_flow": "LFLOW",
    "plotable_style": 1
  }
},
{
  "model": "plan_visual_django.visualactivity",
  "pk": 564,
  "fields": {
    "visual": 12,
    "unique_id_from_plan": "ID-0006",
    "enabled": false,
    "swimlane": 19,
    "plotable_shape": 3,
    "vertical_positioning_value": 2.0,
    "height_in_tracks": 1.0,
    "text_horizontal_alignment": "LEFT",
    "text_vertical_alignment": "MIDDLE",
    "text_flow": "LFLOW",
    "plotable_style": 35
  }
},
{
  "model": "plan_visual_django.visualactivity",
  "pk": 566,
  "fields": {
    "visual": 12,
    "unique_id_from_plan": "ID-0003",
    "enabled": false,
    "swimlane": 19,
    "plotable_shape": 4,
    "vertical_positioning_value": 2.0,
    "height_in_tracks": 2.0,
    "text_horizontal_alignment": "LEFT",
    "text_vertical_alignment": "MIDDLE",
    "text_flow": "RFLOW",
    "plotable_style": 34
  }
},
{
  "model": "plan_visual_django.visualactivity",
  "pk": 567,
  "fields": {
    "visual": 12,
    "unique_id_from_plan": "ID-0004",
    "enabled": true,
    "swimlane": 20,
    "plotable_shape": 4,
    "vertical_positioning_value": 2.0,
    "height_in_tracks": 1.0,
    "text_horizontal_alignment": "LEFT",
    "text_vertical_alignment": "MIDDLE",
    "text_flow": "LFLOW",
    "plotable_style": 2
  }
},
{
  "model": "plan_visual_django.visualactivity",
  "pk": 568,
  "fields": {
    "visual": 12,
    "unique_id_from_plan": "ID-0007",
    "enabled": true,
    "swimlane": 20,
    "plotable_shape": 5,
    "vertical_positioning_value": 2.0,
    "height_in_tracks": 1.0,
    "text_horizontal_alignment": "LEFT",
    "text_vertical_alignment": "MIDDLE",
    "text_flow": "RFLOW",
    "plotable_style": 34
  }
},
{
  "model": "plan_visual_django.visualactivity",
  "pk": 569,
  "fields": {
    "visual": 12,
    "unique_id_from_plan": "ID-0002",
    "enabled": true,
    "swimlane": 19,
    "plotable_shape": 1,
    "vertical_positioning_value": 2.0,
    "height_in_tracks": 1.0,
    "text_horizontal_alignment": "LEFT",
    "text_vertical_alignment": "MIDDLE",
    "text_flow": "LFLOW",
    "plotable_style": 38
  }
},
{
  "model": "plan_visual_django.visualactivity",
  "pk": 570,
  "fields": {
    "visual": 12,
    "unique_id_from_plan": "ID-0001",
    "enabled": false,
    "swimlane": 19,
    "plotable_shape": 1,
    "vertical_positioning_value": 4.0,
    "height_in_tracks": 1.0,
    "text_horizontal_alignment": "LEFT",
    "text_vertical_alignment": "MIDDLE",
    "text_flow": "LFLOW",
    "plotable_style": 3
  }
},
{
  "model": "plan_visual_django.visualactivity",
  "pk": 592,
  "fields": {
    "visual": 15,
    "unique_id_from_plan": "3",
    "enabled": true,
    "swimlane": 26,
    "plotable_shape": 2,
    "vertical_positioning_value": 1.0,
    "height_in_tracks": 1.0,
    "text_horizontal_alignment": "LEFT",
    "text_vertical_alignment": "MIDDLE",
    "text_flow": "LFLOW",
    "plotable_style": 37
  }
},
{
  "model": "plan_visual_django.visualactivity",
  "pk": 593,
  "fields": {
    "visual": 15,
    "unique_id_from_plan": "4",
    "enabled": true,
    "swimlane": 26,
    "plotable_shape": 2,
    "vertical_positioning_value": 2.0,
    "height_in_tracks": 1.0,
    "text_horizontal_alignment": "LEFT",
    "text_vertical_alignment": "MIDDLE",
    "text_flow": "LFLOW",
    "plotable_style": 37
  }
},
{
  "model": "plan_visual_django.visualactivity",
  "pk": 594,
  "fields": {
    "visual": 15,
    "unique_id_from_plan": "5",
    "enabled": true,
    "swimlane": 26,
    "plotable_shape": 2,
    "vertical_positioning_value": 3.0,
    "height_in_tracks": 1.0,
    "text_horizontal_alignment": "LEFT",
    "text_vertical_alignment": "MIDDLE",
    "text_flow": "LFLOW",
    "plotable_style": 37
  }
},
{
  "model": "plan_visual_django.visualactivity",
  "pk": 595,
  "fields": {
    "visual": 15,
    "unique_id_from_plan": "12",
    "enabled": true,
    "swimlane": 26,
    "plotable_shape": 1,
    "vertical_positioning_value": 4.0,
    "height_in_tracks": 1.0,
    "text_horizontal_alignment": "LEFT",
    "text_vertical_alignment": "MIDDLE",
    "text_flow": "LFLOW",
    "plotable_style": 34
  }
},
{
  "model": "plan_visual_django.visualactivity",
  "pk": 596,
  "fields": {
    "visual": 15,
    "unique_id_from_plan": "15",
    "enabled": true,
    "swimlane": 26,
    "plotable_shape": 1,
    "vertical_positioning_value": 5.0,
    "height_in_tracks": 1.0,
    "text_horizontal_alignment": "LEFT",
    "text_vertical_alignment": "MIDDLE",
    "text_flow": "LFLOW",
    "plotable_style": 34
  }
},
{
  "model": "plan_visual_django.visualactivity",
  "pk": 597,
  "fields": {
    "visual": 15,
    "unique_id_from_plan": "18",
    "enabled": true,
    "swimlane": 26,
    "plotable_shape": 1,
    "vertical_positioning_value": 6.0,
    "height_in_tracks": 1.0,
    "text_horizontal_alignment": "LEFT",
    "text_vertical_alignment": "MIDDLE",
    "text_flow": "LFLOW",
    "plotable_style": 34
  }
},
{
  "model": "plan_visual_django.visualactivity",
  "pk": 598,
  "fields": {
    "visual": 15,
    "unique_id_from_plan": "7",
    "enabled": false,
    "swimlane": 26,
    "plotable_shape": 1,
    "vertical_positioning_value": 7.0,
    "height_in_tracks": 1.0,
    "text_horizontal_alignment": "LEFT",
    "text_vertical_alignment": "MIDDLE",
    "text_flow": "LFLOW",
    "plotable_style": 34
  }
},
{
  "model": "plan_visual_django.visualactivity",
  "pk": 599,
  "fields": {
    "visual": 15,
    "unique_id_from_plan": "8",
    "enabled": false,
    "swimlane": 26,
    "plotable_shape": 1,
    "vertical_positioning_value": 7.0,
    "height_in_tracks": 1.0,
    "text_horizontal_alignment": "LEFT",
    "text_vertical_alignment": "MIDDLE",
    "text_flow": "LFLOW",
    "plotable_style": 34
  }
},
{
  "model": "plan_visual_django.visualactivity",
  "pk": 600,
  "fields": {
    "visual": 15,
    "unique_id_from_plan": "9",
    "enabled": false,
    "swimlane": 26,
    "plotable_shape": 1,
    "vertical_positioning_value": 7.0,
    "height_in_tracks": 1.0,
    "text_horizontal_alignment": "LEFT",
    "text_vertical_alignment": "MIDDLE",
    "text_flow": "LFLOW",
    "plotable_style": 34
  }
},
{
  "model": "plan_visual_django.visualactivity",
  "pk": 629,
  "fields": {
    "visual": 17,
    "unique_id_from_plan": "2.0",
    "enabled": true,
    "swimlane": 28,
    "plotable_shape": 1,
    "vertical_positioning_value": 2.0,
    "height_in_tracks": 1.0,
    "text_horizontal_alignment": "LEFT",
    "text_vertical_alignment": "MIDDLE",
    "text_flow": "LFLOW",
    "plotable_style": 34
  }
},
{
  "model": "plan_visual_django.visualactivity",
  "pk": 630,
  "fields": {
    "visual": 17,
    "unique_id_from_plan": "3.0",
    "enabled": true,
    "swimlane": 28,
    "plotable_shape": 1,
    "vertical_positioning_value": 3.0,
    "height_in_tracks": 1.0,
    "text_horizontal_alignment": "LEFT",
    "text_vertical_alignment": "MIDDLE",
    "text_flow": "LFLOW",
    "plotable_style": 34
  }
},
{
  "model": "plan_visual_django.visualactivity",
  "pk": 631,
  "fields": {
    "visual": 17,
    "unique_id_from_plan": "4.0",
    "enabled": true,
    "swimlane": 28,
    "plotable_shape": 1,
    "vertical_positioning_value": 4.0,
    "height_in_tracks": 1.0,
    "text_horizontal_alignment": "LEFT",
    "text_vertical_alignment": "MIDDLE",
    "text_flow": "LFLOW",
    "plotable_style": 34
  }
},
{
  "model": "plan_visual_django.visualactivity",
  "pk": 632,
  "fields": {
    "visual": 17,
    "unique_id_from_plan": "5.0",
    "enabled": true,
    "swimlane": 28,
    "plotable_shape": 5,
    "vertical_positioning_value": 4.0,
    "height_in_tracks": 1.0,
    "text_horizontal_alignment": "LEFT",
    "text_vertical_alignment": "MIDDLE",
    "text_flow": "RFLOW",
    "plotable_style": 2
  }
},
{
  "model": "plan_visual_django.visualactivity",
  "pk": 633,
  "fields": {
    "visual": 17,
    "unique_id_from_plan": "7.0",
    "enabled": true,
    "swimlane": 28,
    "plotable_shape": 1,
    "vertical_positioning_value": 5.0,
    "height_in_tracks": 1.0,
    "text_horizontal_alignment": "LEFT",
    "text_vertical_alignment": "MIDDLE",
    "text_flow": "LFLOW",
    "plotable_style": 34
  }
},
{
  "model": "plan_visual_django.visualactivity",
  "pk": 634,
  "fields": {
    "visual": 17,
    "unique_id_from_plan": "8.0",
    "enabled": true,
    "swimlane": 28,
    "plotable_shape": 1,
    "vertical_positioning_value": 6.0,
    "height_in_tracks": 1.0,
    "text_horizontal_alignment": "LEFT",
    "text_vertical_alignment": "MIDDLE",
    "text_flow": "LFLOW",
    "plotable_style": 34
  }
},
{
  "model": "plan_visual_django.visualactivity",
  "pk": 635,
  "fields": {
    "visual": 17,
    "unique_id_from_plan": "9.0",
    "enabled": true,
    "swimlane": 28,
    "plotable_shape": 2,
    "vertical_positioning_value": 7.0,
    "height_in_tracks": 1.0,
    "text_horizontal_alignment": "LEFT",
    "text_vertical_alignment": "MIDDLE",
    "text_flow": "LFLOW",
    "plotable_style": 37
  }
},
{
  "model": "plan_visual_django.visualactivity",
  "pk": 636,
  "fields": {
    "visual": 17,
    "unique_id_from_plan": "11.0",
    "enabled": true,
    "swimlane": 28,
    "plotable_shape": 1,
    "vertical_positioning_value": 8.0,
    "height_in_tracks": 1.0,
    "text_horizontal_alignment": "LEFT",
    "text_vertical_alignment": "MIDDLE",
    "text_flow": "LFLOW",
    "plotable_style": 34
  }
},
{
  "model": "plan_visual_django.visualactivity",
  "pk": 637,
  "fields": {
    "visual": 17,
    "unique_id_from_plan": "12.0",
    "enabled": true,
    "swimlane": 28,
    "plotable_shape": 1,
    "vertical_positioning_value": 9.0,
    "height_in_tracks": 1.0,
    "text_horizontal_alignment": "LEFT",
    "text_vertical_alignment": "MIDDLE",
    "text_flow": "LFLOW",
    "plotable_style": 34
  }
},
{
  "model": "plan_visual_django.visualactivity",
  "pk": 638,
  "fields": {
    "visual": 17,
    "unique_id_from_plan": "13.0",
    "enabled": true,
    "swimlane": 28,
    "plotable_shape": 2,
    "vertical_positioning_value": 10.0,
    "height_in_tracks": 1.0,
    "text_horizontal_alignment": "LEFT",
    "text_vertical_alignment": "MIDDLE",
    "text_flow": "LFLOW",
    "plotable_style": 37
  }
},
{
  "model": "plan_visual_django.visualactivity",
  "pk": 639,
  "fields": {
    "visual": 18,
    "unique_id_from_plan": "11.0",
    "enabled": true,
    "swimlane": 30,
    "plotable_shape": 1,
    "vertical_positioning_value": 3.0,
    "height_in_tracks": 2.0,
    "text_horizontal_alignment": "LEFT",
    "text_vertical_alignment": "MIDDLE",
    "text_flow": "LFLOW",
    "plotable_style": 34
  }
},
{
  "model": "plan_visual_django.visualactivity",
  "pk": 640,
  "fields": {
    "visual": 20,
    "unique_id_from_plan": "7.0",
    "enabled": true,
    "swimlane": 32,
    "plotable_shape": 1,
    "vertical_positioning_value": 1.0,
    "height_in_tracks": 1.0,
    "text_horizontal_alignment": "LEFT",
    "text_vertical_alignment": "MIDDLE",
    "text_flow": "LFLOW",
    "plotable_style": 34
  }
},
{
  "model": "plan_visual_django.visualactivity",
  "pk": 641,
  "fields": {
    "visual": 20,
    "unique_id_from_plan": "8.0",
    "enabled": true,
    "swimlane": 32,
    "plotable_shape": 1,
    "vertical_positioning_value": 2.0,
    "height_in_tracks": 1.0,
    "text_horizontal_alignment": "LEFT",
    "text_vertical_alignment": "MIDDLE",
    "text_flow": "LFLOW",
    "plotable_style": 34
  }
},
{
  "model": "plan_visual_django.visualactivity",
  "pk": 642,
  "fields": {
    "visual": 20,
    "unique_id_from_plan": "9.0",
    "enabled": true,
    "swimlane": 32,
    "plotable_shape": 2,
    "vertical_positioning_value": 3.0,
    "height_in_tracks": 1.0,
    "text_horizontal_alignment": "LEFT",
    "text_vertical_alignment": "MIDDLE",
    "text_flow": "LFLOW",
    "plotable_style": 37
  }
},
{
  "model": "plan_visual_django.visualactivity",
  "pk": 643,
  "fields": {
    "visual": 20,
    "unique_id_from_plan": "2.0",
    "enabled": false,
    "swimlane": 32,
    "plotable_shape": 1,
    "vertical_positioning_value": 4.0,
    "height_in_tracks": 1.0,
    "text_horizontal_alignment": "LEFT",
    "text_vertical_alignment": "MIDDLE",
    "text_flow": "LFLOW",
    "plotable_style": 34
  }
},
{
  "model": "plan_visual_django.visualactivity",
  "pk": 644,
  "fields": {
    "visual": 20,
    "unique_id_from_plan": "1.0",
    "enabled": true,
    "swimlane": 33,
    "plotable_shape": 1,
    "vertical_positioning_value": 2.0,
    "height_in_tracks": 2.0,
    "text_horizontal_alignment": "LEFT",
    "text_vertical_alignment": "MIDDLE",
    "text_flow": "LFLOW",
    "plotable_style": 1
  }
},
{
  "model": "plan_visual_django.visualactivity",
  "pk": 645,
  "fields": {
    "visual": 21,
    "unique_id_from_plan": "ID-0007",
    "enabled": true,
    "swimlane": 34,
    "plotable_shape": 2,
    "vertical_positioning_value": 2.0,
    "height_in_tracks": 1.0,
    "text_horizontal_alignment": "LEFT",
    "text_vertical_alignment": "MIDDLE",
    "text_flow": "LFLOW",
    "plotable_style": 37
  }
},
{
  "model": "plan_visual_django.visualactivity",
  "pk": 646,
  "fields": {
    "visual": 21,
    "unique_id_from_plan": "ID-0005",
    "enabled": true,
    "swimlane": 34,
    "plotable_shape": 1,
    "vertical_positioning_value": 2.0,
    "height_in_tracks": 1.0,
    "text_horizontal_alignment": "LEFT",
    "text_vertical_alignment": "MIDDLE",
    "text_flow": "LFLOW",
    "plotable_style": 34
  }
},
{
  "model": "plan_visual_django.visualactivity",
  "pk": 647,
  "fields": {
    "visual": 21,
    "unique_id_from_plan": "ID-0006",
    "enabled": true,
    "swimlane": 34,
    "plotable_shape": 1,
    "vertical_positioning_value": 2.0,
    "height_in_tracks": 1.0,
    "text_horizontal_alignment": "LEFT",
    "text_vertical_alignment": "MIDDLE",
    "text_flow": "LFLOW",
    "plotable_style": 34
  }
},
{
  "model": "plan_visual_django.visualactivity",
  "pk": 648,
  "fields": {
    "visual": 21,
    "unique_id_from_plan": "ID-0004",
    "enabled": true,
    "swimlane": 34,
    "plotable_shape": 1,
    "vertical_positioning_value": 2.0,
    "height_in_tracks": 1.0,
    "text_horizontal_alignment": "LEFT",
    "text_vertical_alignment": "MIDDLE",
    "text_flow": "LFLOW",
    "plotable_style": 34
  }
},
{
  "model": "plan_visual_django.visualactivity",
  "pk": 649,
  "fields": {
    "visual": 22,
    "unique_id_from_plan": "ID-0002",
    "enabled": false,
    "swimlane": 38,
    "plotable_shape": 1,
    "vertical_positioning_value": 1.0,
    "height_in_tracks": 1.0,
    "text_horizontal_alignment": "LEFT",
    "text_vertical_alignment": "MIDDLE",
    "text_flow": "LFLOW",
    "plotable_style": 34
  }
},
{
  "model": "plan_visual_django.visualactivity",
  "pk": 650,
  "fields": {
    "visual": 22,
    "unique_id_from_plan": "ID-0003",
    "enabled": true,
    "swimlane": 38,
    "plotable_shape": 1,
    "vertical_positioning_value": 3.0,
    "height_in_tracks": 1.0,
    "text_horizontal_alignment": "LEFT",
    "text_vertical_alignment": "MIDDLE",
    "text_flow": "LFLOW",
    "plotable_style": 34
  }
},
{
  "model": "plan_visual_django.visualactivity",
  "pk": 651,
  "fields": {
    "visual": 22,
    "unique_id_from_plan": "ID-0004",
    "enabled": true,
    "swimlane": 38,
    "plotable_shape": 1,
    "vertical_positioning_value": 3.0,
    "height_in_tracks": 1.0,
    "text_horizontal_alignment": "LEFT",
    "text_vertical_alignment": "MIDDLE",
    "text_flow": "LFLOW",
    "plotable_style": 34
  }
},
{
  "model": "plan_visual_django.visualactivity",
  "pk": 652,
  "fields": {
    "visual": 22,
    "unique_id_from_plan": "ID-0005",
    "enabled": true,
    "swimlane": 36,
    "plotable_shape": 1,
    "vertical_positioning_value": 4.0,
    "height_in_tracks": 1.0,
    "text_horizontal_alignment": "LEFT",
    "text_vertical_alignment": "MIDDLE",
    "text_flow": "LFLOW",
    "plotable_style": 34
  }
},
{
  "model": "plan_visual_django.visualactivity",
  "pk": 653,
  "fields": {
    "visual": 22,
    "unique_id_from_plan": "ID-0006",
    "enabled": true,
    "swimlane": 36,
    "plotable_shape": 1,
    "vertical_positioning_value": 4.0,
    "height_in_tracks": 1.0,
    "text_horizontal_alignment": "LEFT",
    "text_vertical_alignment": "MIDDLE",
    "text_flow": "LFLOW",
    "plotable_style": 34
  }
},
{
  "model": "plan_visual_django.visualactivity",
  "pk": 654,
  "fields": {
    "visual": 22,
    "unique_id_from_plan": "ID-0007",
    "enabled": true,
    "swimlane": 38,
    "plotable_shape": 2,
    "vertical_positioning_value": 6.0,
    "height_in_tracks": 1.0,
    "text_horizontal_alignment": "LEFT",
    "text_vertical_alignment": "MIDDLE",
    "text_flow": "LFLOW",
    "plotable_style": 37
  }
},
{
  "model": "plan_visual_django.visualactivity",
  "pk": 655,
  "fields": {
    "visual": 23,
    "unique_id_from_plan": "ID-0002",
    "enabled": true,
    "swimlane": 40,
    "plotable_shape": 3,
    "vertical_positioning_value": 2.0,
    "height_in_tracks": 1.0,
    "text_horizontal_alignment": "LEFT",
    "text_vertical_alignment": "MIDDLE",
    "text_flow": "LFLOW",
    "plotable_style": 34
  }
},
{
  "model": "plan_visual_django.visualactivity",
  "pk": 656,
  "fields": {
    "visual": 23,
    "unique_id_from_plan": "ID-0007",
    "enabled": true,
    "swimlane": 39,
    "plotable_shape": 2,
    "vertical_positioning_value": 2.0,
    "height_in_tracks": 1.0,
    "text_horizontal_alignment": "LEFT",
    "text_vertical_alignment": "MIDDLE",
    "text_flow": "LFLOW",
    "plotable_style": 37
  }
},
{
  "model": "plan_visual_django.visualactivity",
  "pk": 657,
  "fields": {
    "visual": 24,
    "unique_id_from_plan": "479",
    "enabled": true,
    "swimlane": 42,
    "plotable_shape": 1,
    "vertical_positioning_value": 1.0,
    "height_in_tracks": 1.0,
    "text_horizontal_alignment": "LEFT",
    "text_vertical_alignment": "MIDDLE",
    "text_flow": "LFLOW",
    "plotable_style": 34
  }
},
{
  "model": "plan_visual_django.visualactivity",
  "pk": 658,
  "fields": {
    "visual": 24,
    "unique_id_from_plan": "480",
    "enabled": true,
    "swimlane": 42,
    "plotable_shape": 1,
    "vertical_positioning_value": 1.0,
    "height_in_tracks": 1.0,
    "text_horizontal_alignment": "LEFT",
    "text_vertical_alignment": "MIDDLE",
    "text_flow": "RFLOW",
    "plotable_style": 34
  }
},
{
  "model": "plan_visual_django.visualactivity",
  "pk": 659,
  "fields": {
    "visual": 24,
    "unique_id_from_plan": "481",
    "enabled": true,
    "swimlane": 42,
    "plotable_shape": 1,
    "vertical_positioning_value": 2.0,
    "height_in_tracks": 1.0,
    "text_horizontal_alignment": "LEFT",
    "text_vertical_alignment": "MIDDLE",
    "text_flow": "LFLOW",
    "plotable_style": 34
  }
},
{
  "model": "plan_visual_django.visualactivity",
  "pk": 660,
  "fields": {
    "visual": 24,
    "unique_id_from_plan": "482",
    "enabled": true,
    "swimlane": 42,
    "plotable_shape": 1,
    "vertical_positioning_value": 2.0,
    "height_in_tracks": 1.0,
    "text_horizontal_alignment": "LEFT",
    "text_vertical_alignment": "MIDDLE",
    "text_flow": "RFLOW",
    "plotable_style": 34
  }
},
{
  "model": "plan_visual_django.visualactivity",
  "pk": 661,
  "fields": {
    "visual": 24,
    "unique_id_from_plan": "483",
    "enabled": true,
    "swimlane": 42,
    "plotable_shape": 1,
    "vertical_positioning_value": 3.0,
    "height_in_tracks": 1.0,
    "text_horizontal_alignment": "LEFT",
    "text_vertical_alignment": "MIDDLE",
    "text_flow": "LFLOW",
    "plotable_style": 34
  }
},
{
  "model": "plan_visual_django.visualactivity",
  "pk": 662,
  "fields": {
    "visual": 24,
    "unique_id_from_plan": "484",
    "enabled": true,
    "swimlane": 42,
    "plotable_shape": 1,
    "vertical_positioning_value": 3.0,
    "height_in_tracks": 1.0,
    "text_horizontal_alignment": "LEFT",
    "text_vertical_alignment": "MIDDLE",
    "text_flow": "RFLOW",
    "plotable_style": 34
  }
},
{
  "model": "plan_visual_django.visualactivity",
  "pk": 663,
  "fields": {
    "visual": 24,
    "unique_id_from_plan": "485",
    "enabled": true,
    "swimlane": 42,
    "plotable_shape": 1,
    "vertical_positioning_value": 4.0,
    "height_in_tracks": 1.0,
    "text_horizontal_alignment": "LEFT",
    "text_vertical_alignment": "MIDDLE",
    "text_flow": "LFLOW",
    "plotable_style": 34
  }
},
{
  "model": "plan_visual_django.visualactivity",
  "pk": 664,
  "fields": {
    "visual": 24,
    "unique_id_from_plan": "486",
    "enabled": true,
    "swimlane": 42,
    "plotable_shape": 1,
    "vertical_positioning_value": 4.0,
    "height_in_tracks": 1.0,
    "text_horizontal_alignment": "LEFT",
    "text_vertical_alignment": "MIDDLE",
    "text_flow": "RFLOW",
    "plotable_style": 34
  }
},
{
  "model": "plan_visual_django.visualactivity",
  "pk": 665,
  "fields": {
    "visual": 24,
    "unique_id_from_plan": "487",
    "enabled": true,
    "swimlane": 42,
    "plotable_shape": 1,
    "vertical_positioning_value": 5.0,
    "height_in_tracks": 1.0,
    "text_horizontal_alignment": "LEFT",
    "text_vertical_alignment": "MIDDLE",
    "text_flow": "LFLOW",
    "plotable_style": 34
  }
},
{
  "model": "plan_visual_django.visualactivity",
  "pk": 666,
  "fields": {
    "visual": 24,
    "unique_id_from_plan": "488",
    "enabled": true,
    "swimlane": 42,
    "plotable_shape": 1,
    "vertical_positioning_value": 5.0,
    "height_in_tracks": 1.0,
    "text_horizontal_alignment": "LEFT",
    "text_vertical_alignment": "MIDDLE",
    "text_flow": "RFLOW",
    "plotable_style": 34
  }
},
{
  "model": "plan_visual_django.visualactivity",
  "pk": 667,
  "fields": {
    "visual": 24,
    "unique_id_from_plan": "457",
    "enabled": true,
    "swimlane": 43,
    "plotable_shape": 2,
    "vertical_positioning_value": 2.0,
    "height_in_tracks": 1.0,
    "text_horizontal_alignment": "LEFT",
    "text_vertical_alignment": "MIDDLE",
    "text_flow": "RFLOW",
    "plotable_style": 43
  }
},
{
  "model": "plan_visual_django.visualactivity",
  "pk": 668,
  "fields": {
    "visual": 24,
    "unique_id_from_plan": "462",
    "enabled": true,
    "swimlane": 43,
    "plotable_shape": 2,
    "vertical_positioning_value": 3.0,
    "height_in_tracks": 1.0,
    "text_horizontal_alignment": "LEFT",
    "text_vertical_alignment": "MIDDLE",
    "text_flow": "RFLOW",
    "plotable_style": 37
  }
},
{
  "model": "plan_visual_django.visualactivity",
  "pk": 669,
  "fields": {
    "visual": 24,
    "unique_id_from_plan": "467",
    "enabled": true,
    "swimlane": 43,
    "plotable_shape": 2,
    "vertical_positioning_value": 4.0,
    "height_in_tracks": 1.0,
    "text_horizontal_alignment": "LEFT",
    "text_vertical_alignment": "MIDDLE",
    "text_flow": "RFLOW",
    "plotable_style": 37
  }
},
{
  "model": "plan_visual_django.visualactivity",
  "pk": 670,
  "fields": {
    "visual": 24,
    "unique_id_from_plan": "3",
    "enabled": true,
    "swimlane": 42,
    "plotable_shape": 1,
    "vertical_positioning_value": 6.0,
    "height_in_tracks": 1.0,
    "text_horizontal_alignment": "LEFT",
    "text_vertical_alignment": "MIDDLE",
    "text_flow": "LFLOW",
    "plotable_style": 34
  }
},
{
  "model": "plan_visual_django.visualactivity",
  "pk": 671,
  "fields": {
    "visual": 17,
    "unique_id_from_plan": "1.0",
    "enabled": false,
    "swimlane": 28,
    "plotable_shape": 1,
    "vertical_positioning_value": 11.0,
    "height_in_tracks": 1.0,
    "text_horizontal_alignment": "LEFT",
    "text_vertical_alignment": "MIDDLE",
    "text_flow": "LFLOW",
    "plotable_style": 34
  }
},
{
  "model": "plan_visual_django.staticcontent",
  "pk": 1,
  "fields": {
    "title": "About This App",
    "content": "## Welcome to this app. ##\r\n\r\nPlease note that this app is an early release and is not yet fully functional.  However it is usable and new users are welcome to try it and provide feedback on how useful it is.\r\n\r\nThis app has a very simple purpose, which is to help project / programme managers to easily create a single page visualisation of a project plan.\r\n\r\nThe app allows you to upload a project plan - currently in one of a number of supported Excel formats - and create a visualisation of that plan by placing activities from the plan into a visual.  \r\n\r\nThe key features are:  \r\n\r\n\r\n- You can structure the visualisation into swimlanes and place activities in a specific swimlane.\r\n- You can choose which activities from your plan appear in the visual.  The idea is if you have a long plan with hundreds of rows, you can pick and choose the right subset of activities to place on your visualisation to provide a high level view of the plan which fits on a page.\r\n- Activities can appear on the same line if required so you can use best use of space and provide visual cues by placing related sequential tasks together on a line.\r\n- You can style each activity individually in terms of the shape used, the colour of the activity, the colour and size of the font used for the text.\r\n- The text for an activity can be aligned to the left or right edge and can flow outside the shape, so that short activities can still be labelled clearly.\r\n- One or more timelines can be added to the top of the visual showing months, quarters (and shortly other timeline intervals).\r\n\r\nThe workflow for using the app is:\r\n\r\n1. Create an Excel export of your project plan in one of the supported formats.\r\n2. Upload the Excel plan to the app.\r\n3. Create a new visual from the plan.\r\n4. Add swimlanes if"
  }
},
{
  "model": "auth.permission",
  "fields": {
    "name": "Can add log entry",
    "content_type": [
      "admin",
      "logentry"
    ],
    "codename": "add_logentry"
  }
},
{
  "model": "auth.permission",
  "fields": {
    "name": "Can change log entry",
    "content_type": [
      "admin",
      "logentry"
    ],
    "codename": "change_logentry"
  }
},
{
  "model": "auth.permission",
  "fields": {
    "name": "Can delete log entry",
    "content_type": [
      "admin",
      "logentry"
    ],
    "codename": "delete_logentry"
  }
},
{
  "model": "auth.permission",
  "fields": {
    "name": "Can view log entry",
    "content_type": [
      "admin",
      "logentry"
    ],
    "codename": "view_logentry"
  }
},
{
  "model": "auth.permission",
  "fields": {
    "name": "Can add permission",
    "content_type": [
      "auth",
      "permission"
    ],
    "codename": "add_permission"
  }
},
{
  "model": "auth.permission",
  "fields": {
    "name": "Can change permission",
    "content_type": [
      "auth",
      "permission"
    ],
    "codename": "change_permission"
  }
},
{
  "model": "auth.permission",
  "fields": {
    "name": "Can delete permission",
    "content_type": [
      "auth",
      "permission"
    ],
    "codename": "delete_permission"
  }
},
{
  "model": "auth.permission",
  "fields": {
    "name": "Can view permission",
    "content_type": [
      "auth",
      "permission"
    ],
    "codename": "view_permission"
  }
},
{
  "model": "auth.permission",
  "fields": {
    "name": "Can add group",
    "content_type": [
      "auth",
      "group"
    ],
    "codename": "add_group"
  }
},
{
  "model": "auth.permission",
  "fields": {
    "name": "Can change group",
    "content_type": [
      "auth",
      "group"
    ],
    "codename": "change_group"
  }
},
{
  "model": "auth.permission",
  "fields": {
    "name": "Can delete group",
    "content_type": [
      "auth",
      "group"
    ],
    "codename": "delete_group"
  }
},
{
  "model": "auth.permission",
  "fields": {
    "name": "Can view group",
    "content_type": [
      "auth",
      "group"
    ],
    "codename": "view_group"
  }
},
{
  "model": "auth.permission",
  "fields": {
    "name": "Can add user",
    "content_type": [
      "auth",
      "user"
    ],
    "codename": "add_user"
  }
},
{
  "model": "auth.permission",
  "fields": {
    "name": "Can change user",
    "content_type": [
      "auth",
      "user"
    ],
    "codename": "change_user"
  }
},
{
  "model": "auth.permission",
  "fields": {
    "name": "Can delete user",
    "content_type": [
      "auth",
      "user"
    ],
    "codename": "delete_user"
  }
},
{
  "model": "auth.permission",
  "fields": {
    "name": "Can view user",
    "content_type": [
      "auth",
      "user"
    ],
    "codename": "view_user"
  }
},
{
  "model": "auth.permission",
  "fields": {
    "name": "Can add content type",
    "content_type": [
      "contenttypes",
      "contenttype"
    ],
    "codename": "add_contenttype"
  }
},
{
  "model": "auth.permission",
  "fields": {
    "name": "Can change content type",
    "content_type": [
      "contenttypes",
      "contenttype"
    ],
    "codename": "change_contenttype"
  }
},
{
  "model": "auth.permission",
  "fields": {
    "name": "Can delete content type",
    "content_type": [
      "contenttypes",
      "contenttype"
    ],
    "codename": "delete_contenttype"
  }
},
{
  "model": "auth.permission",
  "fields": {
    "name": "Can view content type",
    "content_type": [
      "contenttypes",
      "contenttype"
    ],
    "codename": "view_contenttype"
  }
},
{
  "model": "auth.permission",
  "fields": {
    "name": "Can add session",
    "content_type": [
      "sessions",
      "session"
    ],
    "codename": "add_session"
  }
},
{
  "model": "auth.permission",
  "fields": {
    "name": "Can change session",
    "content_type": [
      "sessions",
      "session"
    ],
    "codename": "change_session"
  }
},
{
  "model": "auth.permission",
  "fields": {
    "name": "Can delete session",
    "content_type": [
      "sessions",
      "session"
    ],
    "codename": "delete_session"
  }
},
{
  "model": "auth.permission",
  "fields": {
    "name": "Can view session",
    "content_type": [
      "sessions",
      "session"
    ],
    "codename": "view_session"
  }
},
{
  "model": "auth.permission",
  "fields": {
    "name": "Can add color",
    "content_type": [
      "plan_visual_django",
      "color"
    ],
    "codename": "add_color"
  }
},
{
  "model": "auth.permission",
  "fields": {
    "name": "Can change color",
    "content_type": [
      "plan_visual_django",
      "color"
    ],
    "codename": "change_color"
  }
},
{
  "model": "auth.permission",
  "fields": {
    "name": "Can delete color",
    "content_type": [
      "plan_visual_django",
      "color"
    ],
    "codename": "delete_color"
  }
},
{
  "model": "auth.permission",
  "fields": {
    "name": "Can view color",
    "content_type": [
      "plan_visual_django",
      "color"
    ],
    "codename": "view_color"
  }
},
{
  "model": "auth.permission",
  "fields": {
    "name": "Can add font",
    "content_type": [
      "plan_visual_django",
      "font"
    ],
    "codename": "add_font"
  }
},
{
  "model": "auth.permission",
  "fields": {
    "name": "Can change font",
    "content_type": [
      "plan_visual_django",
      "font"
    ],
    "codename": "change_font"
  }
},
{
  "model": "auth.permission",
  "fields": {
    "name": "Can delete font",
    "content_type": [
      "plan_visual_django",
      "font"
    ],
    "codename": "delete_font"
  }
},
{
  "model": "auth.permission",
  "fields": {
    "name": "Can view font",
    "content_type": [
      "plan_visual_django",
      "font"
    ],
    "codename": "view_font"
  }
},
{
  "model": "auth.permission",
  "fields": {
    "name": "Can add plan",
    "content_type": [
      "plan_visual_django",
      "plan"
    ],
    "codename": "add_plan"
  }
},
{
  "model": "auth.permission",
  "fields": {
    "name": "Can change plan",
    "content_type": [
      "plan_visual_django",
      "plan"
    ],
    "codename": "change_plan"
  }
},
{
  "model": "auth.permission",
  "fields": {
    "name": "Can delete plan",
    "content_type": [
      "plan_visual_django",
      "plan"
    ],
    "codename": "delete_plan"
  }
},
{
  "model": "auth.permission",
  "fields": {
    "name": "Can view plan",
    "content_type": [
      "plan_visual_django",
      "plan"
    ],
    "codename": "view_plan"
  }
},
{
  "model": "auth.permission",
  "fields": {
    "name": "Can add plan visual",
    "content_type": [
      "plan_visual_django",
      "planvisual"
    ],
    "codename": "add_planvisual"
  }
},
{
  "model": "auth.permission",
  "fields": {
    "name": "Can change plan visual",
    "content_type": [
      "plan_visual_django",
      "planvisual"
    ],
    "codename": "change_planvisual"
  }
},
{
  "model": "auth.permission",
  "fields": {
    "name": "Can delete plan visual",
    "content_type": [
      "plan_visual_django",
      "planvisual"
    ],
    "codename": "delete_planvisual"
  }
},
{
  "model": "auth.permission",
  "fields": {
    "name": "Can view plan visual",
    "content_type": [
      "plan_visual_django",
      "planvisual"
    ],
    "codename": "view_planvisual"
  }
},
{
  "model": "auth.permission",
  "fields": {
    "name": "Can add plotable shape",
    "content_type": [
      "plan_visual_django",
      "plotableshape"
    ],
    "codename": "add_plotableshape"
  }
},
{
  "model": "auth.permission",
  "fields": {
    "name": "Can change plotable shape",
    "content_type": [
      "plan_visual_django",
      "plotableshape"
    ],
    "codename": "change_plotableshape"
  }
},
{
  "model": "auth.permission",
  "fields": {
    "name": "Can delete plotable shape",
    "content_type": [
      "plan_visual_django",
      "plotableshape"
    ],
    "codename": "delete_plotableshape"
  }
},
{
  "model": "auth.permission",
  "fields": {
    "name": "Can view plotable shape",
    "content_type": [
      "plan_visual_django",
      "plotableshape"
    ],
    "codename": "view_plotableshape"
  }
},
{
  "model": "auth.permission",
  "fields": {
    "name": "Can add plotable shape type",
    "content_type": [
      "plan_visual_django",
      "plotableshapetype"
    ],
    "codename": "add_plotableshapetype"
  }
},
{
  "model": "auth.permission",
  "fields": {
    "name": "Can change plotable shape type",
    "content_type": [
      "plan_visual_django",
      "plotableshapetype"
    ],
    "codename": "change_plotableshapetype"
  }
},
{
  "model": "auth.permission",
  "fields": {
    "name": "Can delete plotable shape type",
    "content_type": [
      "plan_visual_django",
      "plotableshapetype"
    ],
    "codename": "delete_plotableshapetype"
  }
},
{
  "model": "auth.permission",
  "fields": {
    "name": "Can view plotable shape type",
    "content_type": [
      "plan_visual_django",
      "plotableshapetype"
    ],
    "codename": "view_plotableshapetype"
  }
},
{
  "model": "auth.permission",
  "fields": {
    "name": "Can add plotable style",
    "content_type": [
      "plan_visual_django",
      "plotablestyle"
    ],
    "codename": "add_plotablestyle"
  }
},
{
  "model": "auth.permission",
  "fields": {
    "name": "Can change plotable style",
    "content_type": [
      "plan_visual_django",
      "plotablestyle"
    ],
    "codename": "change_plotablestyle"
  }
},
{
  "model": "auth.permission",
  "fields": {
    "name": "Can delete plotable style",
    "content_type": [
      "plan_visual_django",
      "plotablestyle"
    ],
    "codename": "delete_plotablestyle"
  }
},
{
  "model": "auth.permission",
  "fields": {
    "name": "Can view plotable style",
    "content_type": [
      "plan_visual_django",
      "plotablestyle"
    ],
    "codename": "view_plotablestyle"
  }
},
{
  "model": "auth.permission",
  "fields": {
    "name": "Can add swimlane for visual",
    "content_type": [
      "plan_visual_django",
      "swimlaneforvisual"
    ],
    "codename": "add_swimlaneforvisual"
  }
},
{
  "model": "auth.permission",
  "fields": {
    "name": "Can change swimlane for visual",
    "content_type": [
      "plan_visual_django",
      "swimlaneforvisual"
    ],
    "codename": "change_swimlaneforvisual"
  }
},
{
  "model": "auth.permission",
  "fields": {
    "name": "Can delete swimlane for visual",
    "content_type": [
      "plan_visual_django",
      "swimlaneforvisual"
    ],
    "codename": "delete_swimlaneforvisual"
  }
},
{
  "model": "auth.permission",
  "fields": {
    "name": "Can view swimlane for visual",
    "content_type": [
      "plan_visual_django",
      "swimlaneforvisual"
    ],
    "codename": "view_swimlaneforvisual"
  }
},
{
  "model": "auth.permission",
  "fields": {
    "name": "Can add visual activity",
    "content_type": [
      "plan_visual_django",
      "visualactivity"
    ],
    "codename": "add_visualactivity"
  }
},
{
  "model": "auth.permission",
  "fields": {
    "name": "Can change visual activity",
    "content_type": [
      "plan_visual_django",
      "visualactivity"
    ],
    "codename": "change_visualactivity"
  }
},
{
  "model": "auth.permission",
  "fields": {
    "name": "Can delete visual activity",
    "content_type": [
      "plan_visual_django",
      "visualactivity"
    ],
    "codename": "delete_visualactivity"
  }
},
{
  "model": "auth.permission",
  "fields": {
    "name": "Can view visual activity",
    "content_type": [
      "plan_visual_django",
      "visualactivity"
    ],
    "codename": "view_visualactivity"
  }
},
{
  "model": "auth.permission",
  "fields": {
    "name": "Can add plotable shape attributes rectangle",
    "content_type": [
      "plan_visual_django",
      "plotableshapeattributesrectangle"
    ],
    "codename": "add_plotableshapeattributesrectangle"
  }
},
{
  "model": "auth.permission",
  "fields": {
    "name": "Can change plotable shape attributes rectangle",
    "content_type": [
      "plan_visual_django",
      "plotableshapeattributesrectangle"
    ],
    "codename": "change_plotableshapeattributesrectangle"
  }
},
{
  "model": "auth.permission",
  "fields": {
    "name": "Can delete plotable shape attributes rectangle",
    "content_type": [
      "plan_visual_django",
      "plotableshapeattributesrectangle"
    ],
    "codename": "delete_plotableshapeattributesrectangle"
  }
},
{
  "model": "auth.permission",
  "fields": {
    "name": "Can view plotable shape attributes rectangle",
    "content_type": [
      "plan_visual_django",
      "plotableshapeattributesrectangle"
    ],
    "codename": "view_plotableshapeattributesrectangle"
  }
},
{
  "model": "auth.permission",
  "fields": {
    "name": "Can add plotable shape attributes diamond",
    "content_type": [
      "plan_visual_django",
      "plotableshapeattributesdiamond"
    ],
    "codename": "add_plotableshapeattributesdiamond"
  }
},
{
  "model": "auth.permission",
  "fields": {
    "name": "Can change plotable shape attributes diamond",
    "content_type": [
      "plan_visual_django",
      "plotableshapeattributesdiamond"
    ],
    "codename": "change_plotableshapeattributesdiamond"
  }
},
{
  "model": "auth.permission",
  "fields": {
    "name": "Can delete plotable shape attributes diamond",
    "content_type": [
      "plan_visual_django",
      "plotableshapeattributesdiamond"
    ],
    "codename": "delete_plotableshapeattributesdiamond"
  }
},
{
  "model": "auth.permission",
  "fields": {
    "name": "Can view plotable shape attributes diamond",
    "content_type": [
      "plan_visual_django",
      "plotableshapeattributesdiamond"
    ],
    "codename": "view_plotableshapeattributesdiamond"
  }
},
{
  "model": "auth.permission",
  "fields": {
    "name": "Can add plan activity",
    "content_type": [
      "plan_visual_django",
      "planactivity"
    ],
    "codename": "add_planactivity"
  }
},
{
  "model": "auth.permission",
  "fields": {
    "name": "Can change plan activity",
    "content_type": [
      "plan_visual_django",
      "planactivity"
    ],
    "codename": "change_planactivity"
  }
},
{
  "model": "auth.permission",
  "fields": {
    "name": "Can delete plan activity",
    "content_type": [
      "plan_visual_django",
      "planactivity"
    ],
    "codename": "delete_planactivity"
  }
},
{
  "model": "auth.permission",
  "fields": {
    "name": "Can view plan activity",
    "content_type": [
      "plan_visual_django",
      "planactivity"
    ],
    "codename": "view_planactivity"
  }
},
{
  "model": "auth.permission",
  "fields": {
    "name": "Can add timeline for visual",
    "content_type": [
      "plan_visual_django",
      "timelineforvisual"
    ],
    "codename": "add_timelineforvisual"
  }
},
{
  "model": "auth.permission",
  "fields": {
    "name": "Can change timeline for visual",
    "content_type": [
      "plan_visual_django",
      "timelineforvisual"
    ],
    "codename": "change_timelineforvisual"
  }
},
{
  "model": "auth.permission",
  "fields": {
    "name": "Can delete timeline for visual",
    "content_type": [
      "plan_visual_django",
      "timelineforvisual"
    ],
    "codename": "delete_timelineforvisual"
  }
},
{
  "model": "auth.permission",
  "fields": {
    "name": "Can view timeline for visual",
    "content_type": [
      "plan_visual_django",
      "timelineforvisual"
    ],
    "codename": "view_timelineforvisual"
  }
},
{
  "model": "auth.permission",
  "fields": {
    "name": "Can add static content",
    "content_type": [
      "plan_visual_django",
      "staticcontent"
    ],
    "codename": "add_staticcontent"
  }
},
{
  "model": "auth.permission",
  "fields": {
    "name": "Can change static content",
    "content_type": [
      "plan_visual_django",
      "staticcontent"
    ],
    "codename": "change_staticcontent"
  }
},
{
  "model": "auth.permission",
  "fields": {
    "name": "Can delete static content",
    "content_type": [
      "plan_visual_django",
      "staticcontent"
    ],
    "codename": "delete_staticcontent"
  }
},
{
  "model": "auth.permission",
  "fields": {
    "name": "Can view static content",
    "content_type": [
      "plan_visual_django",
      "staticcontent"
    ],
    "codename": "view_staticcontent"
  }
},
{
  "model": "auth.permission",
  "fields": {
    "name": "Can add user",
    "content_type": [
      "plan_visual_django",
      "customuser"
    ],
    "codename": "add_customuser"
  }
},
{
  "model": "auth.permission",
  "fields": {
    "name": "Can change user",
    "content_type": [
      "plan_visual_django",
      "customuser"
    ],
    "codename": "change_customuser"
  }
},
{
  "model": "auth.permission",
  "fields": {
    "name": "Can delete user",
    "content_type": [
      "plan_visual_django",
      "customuser"
    ],
    "codename": "delete_customuser"
  }
},
{
  "model": "auth.permission",
  "fields": {
    "name": "Can view user",
    "content_type": [
      "plan_visual_django",
      "customuser"
    ],
    "codename": "view_customuser"
  }
},
{
  "model": "auth.user",
  "fields": {
    "password": "pbkdf2_sha256$720000$lhOCeVOXOjPdKxl4pRvxZS$chScooE1cR7+Ih/3avOsWf6XSR9Fh8n29fkFMJqPP0Y=",
    "last_login": null,
    "is_superuser": false,
    "username": "shared_data_user",
    "first_name": "",
    "last_name": "",
    "email": "shared_data_user@genonline.co.uk",
    "is_staff": false,
    "is_active": true,
    "date_joined": "2024-01-14T22:16:46.359Z",
    "groups": [],
    "user_permissions": []
  }
},
{
  "model": "auth.user",
  "fields": {
    "password": "pbkdf2_sha256$870000$LVwvTX7LrJYGiIRIFABuCd$NhSxKTQC2bcWJMofklO2C3aSOuxtS6cYF3Gqo8WifA8=",
    "last_login": "2025-01-01T16:51:12.427Z",
    "is_superuser": true,
    "username": "admin",
    "first_name": "",
    "last_name": "",
    "email": "admin_user@genonline.co.uk",
    "is_staff": true,
    "is_active": true,
    "date_joined": "2024-01-14T22:16:46.534Z",
    "groups": [],
    "user_permissions": []
  }
},
{
  "model": "auth.user",
  "fields": {
    "password": "pbkdf2_sha256$720000$zNZJRCtBZyEWWOAoYKGfGM$xsanLnFgvdW/J0YUnFnHGonN+kuK4LvJjIUs/wJ3Yyg=",
    "last_login": "2024-06-23T10:01:13.415Z",
    "is_superuser": false,
    "username": "app_user_01",
    "first_name": "",
    "last_name": "",
    "email": "initial_app_user@genonline.co.uk",
    "is_staff": false,
    "is_active": true,
    "date_joined": "2024-01-14T22:16:46.706Z",
    "groups": [],
    "user_permissions": []
  }
},
{
  "model": "auth.user",
  "fields": {
    "password": "pbkdf2_sha256$870000$kXYtY2QizkZO80alS9PdVe$1yrRLVFo1EpoV6zF0B2gG15k/Xwzo2vuM0SxlzGCq0s=",
    "last_login": "2024-11-23T13:04:19.536Z",
    "is_superuser": false,
    "username": "app_user_02",
    "first_name": "Thomas",
    "last_name": "Gaylard",
    "email": "app_user_02@genonline.co.uk",
    "is_staff": false,
    "is_active": true,
    "date_joined": "2024-11-06T08:11:46Z",
    "groups": [],
    "user_permissions": []
  }
},
{
  "model": "plan_visual_django.plan",
  "pk": 18,
  "fields": {
    "user": [
      "admin"
    ],
    "plan_name": "Plan",
    "file_name": "PV-Test-02.xlsx",
    "file": "plan_files/PV-Test-02_xV1b5px.xlsx",
    "file_type_name": "excel-02-smartsheet-export-01"
  }
},
{
  "model": "plan_visual_django.plan",
  "pk": 21,
  "fields": {
    "user": [
      "admin"
    ],
    "plan_name": "New-FS-01",
    "file_name": "NewFSProduct-PlanForPlan.xlsx",
    "file": "plan_files/NewFSProduct-PlanForPlan_N3wOYGj.xlsx",
    "file_type_name": "excel-01-msp-export-default-01"
  }
},
{
  "model": "plan_visual_django.plan",
  "pk": 23,
  "fields": {
    "user": [
      "admin"
    ],
    "plan_name": "Plan-02ABC",
    "file_name": "Untitled Sheet.xlsx",
    "file": "plan_files/Untitled_Sheet_ezE4sNG.xlsx",
    "file_type_name": "excel-02-smartsheet-export-01"
  }
},
{
  "model": "plan_visual_django.plan",
  "pk": 24,
  "fields": {
    "user": [
      "app_user_02"
    ],
    "plan_name": "Plan 1",
    "file_name": "SCM_plan_v3_21_July-2.xlsx",
    "file": "plan_files/SCM_plan_v3_21_July-2.xlsx",
    "file_type_name": "excel-01-msp-export-default-01"
  }
},
{
  "model": "plan_visual_django.color",
  "pk": 1,
  "fields": {
    "user": [
      "shared_data_user"
    ],
    "name": "[01]Red",
    "red": 240,
    "green": 65,
    "blue": 90,
    "alpha": 0.0
  }
},
{
  "model": "plan_visual_django.color",
  "pk": 2,
  "fields": {
    "user": [
      "shared_data_user"
    ],
    "name": "[02]Red-",
    "red": 215,
    "green": 51,
    "blue": 51,
    "alpha": 0.0
  }
},
{
  "model": "plan_visual_django.color",
  "pk": 3,
  "fields": {
    "user": [
      "shared_data_user"
    ],
    "name": "[03]Red--",
    "red": 173,
    "green": 51,
    "blue": 51,
    "alpha": 0.0
  }
},
{
  "model": "plan_visual_django.color",
  "pk": 4,
  "fields": {
    "user": [
      "shared_data_user"
    ],
    "name": "[04]Red+",
    "red": 255,
    "green": 116,
    "blue": 116,
    "alpha": 0.0
  }
},
{
  "model": "plan_visual_django.color",
  "pk": 5,
  "fields": {
    "user": [
      "shared_data_user"
    ],
    "name": "[05]Red++",
    "red": 251,
    "green": 188,
    "blue": 188,
    "alpha": 1.0
  }
},
{
  "model": "plan_visual_django.color",
  "pk": 6,
  "fields": {
    "user": [
      "shared_data_user"
    ],
    "name": "[06]Amber",
    "red": 255,
    "green": 186,
    "blue": 0,
    "alpha": 1.0
  }
},
{
  "model": "plan_visual_django.color",
  "pk": 7,
  "fields": {
    "user": [
      "shared_data_user"
    ],
    "name": "[07]Amber-",
    "red": 236,
    "green": 173,
    "blue": 3,
    "alpha": 1.0
  }
},
{
  "model": "plan_visual_django.color",
  "pk": 8,
  "fields": {
    "user": [
      "shared_data_user"
    ],
    "name": "[08]Amber--",
    "red": 184,
    "green": 135,
    "blue": 0,
    "alpha": 1.0
  }
},
{
  "model": "plan_visual_django.color",
  "pk": 9,
  "fields": {
    "user": [
      "shared_data_user"
    ],
    "name": "[09]Amber+",
    "red": 253,
    "green": 203,
    "blue": 67,
    "alpha": 1.0
  }
},
{
  "model": "plan_visual_django.color",
  "pk": 10,
  "fields": {
    "user": [
      "shared_data_user"
    ],
    "name": "[10]Amber++",
    "red": 251,
    "green": 222,
    "blue": 141,
    "alpha": 1.0
  }
},
{
  "model": "plan_visual_django.color",
  "pk": 11,
  "fields": {
    "user": [
      "shared_data_user"
    ],
    "name": "[11]Green",
    "red": 49,
    "green": 250,
    "blue": 0,
    "alpha": 1.0
  }
},
{
  "model": "plan_visual_django.color",
  "pk": 12,
  "fields": {
    "user": [
      "shared_data_user"
    ],
    "name": "[12]Green-",
    "red": 43,
    "green": 204,
    "blue": 0,
    "alpha": 1.0
  }
},
{
  "model": "plan_visual_django.color",
  "pk": 13,
  "fields": {
    "user": [
      "shared_data_user"
    ],
    "name": "[13]Green--",
    "red": 25,
    "green": 135,
    "blue": 2,
    "alpha": 1.0
  }
},
{
  "model": "plan_visual_django.color",
  "pk": 14,
  "fields": {
    "user": [
      "shared_data_user"
    ],
    "name": "[14]Green+",
    "red": 135,
    "green": 255,
    "blue": 112,
    "alpha": 0.0
  }
},
{
  "model": "plan_visual_django.color",
  "pk": 15,
  "fields": {
    "user": [
      "shared_data_user"
    ],
    "name": "[15]Green++",
    "red": 132,
    "green": 255,
    "blue": 156,
    "alpha": 0.0
  }
},
{
  "model": "plan_visual_django.color",
  "pk": 16,
  "fields": {
    "user": [
      "shared_data_user"
    ],
    "name": "[16]Blue",
    "red": 0,
    "green": 122,
    "blue": 255,
    "alpha": 0.0
  }
},
{
  "model": "plan_visual_django.color",
  "pk": 17,
  "fields": {
    "user": [
      "shared_data_user"
    ],
    "name": "[17]Blue-",
    "red": 0,
    "green": 89,
    "blue": 184,
    "alpha": 0.0
  }
},
{
  "model": "plan_visual_django.color",
  "pk": 18,
  "fields": {
    "user": [
      "shared_data_user"
    ],
    "name": "[18]Blue--",
    "red": 0,
    "green": 74,
    "blue": 153,
    "alpha": 0.0
  }
},
{
  "model": "plan_visual_django.color",
  "pk": 19,
  "fields": {
    "user": [
      "shared_data_user"
    ],
    "name": "[19]Blue+",
    "red": 61,
    "green": 154,
    "blue": 255,
    "alpha": 0.0
  }
},
{
  "model": "plan_visual_django.color",
  "pk": 20,
  "fields": {
    "user": [
      "shared_data_user"
    ],
    "name": "[20]Blue++",
    "red": 112,
    "green": 230,
    "blue": 255,
    "alpha": 0.0
  }
},
{
  "model": "plan_visual_django.color",
  "pk": 21,
  "fields": {
    "user": [
      "shared_data_user"
    ],
    "name": "[21]Grey",
    "red": 186,
    "green": 186,
    "blue": 186,
    "alpha": 0.0
  }
},
{
  "model": "plan_visual_django.color",
  "pk": 22,
  "fields": {
    "user": [
      "shared_data_user"
    ],
    "name": "[22]Grey-",
    "red": 130,
    "green": 130,
    "blue": 130,
    "alpha": 0.0
  }
},
{
  "model": "plan_visual_django.color",
  "pk": 23,
  "fields": {
    "user": [
      "shared_data_user"
    ],
    "name": "[23]Grey--",
    "red": 64,
    "green": 64,
    "blue": 64,
    "alpha": 0.0
  }
},
{
  "model": "plan_visual_django.color",
  "pk": 24,
  "fields": {
    "user": [
      "shared_data_user"
    ],
    "name": "[24]Grey+",
    "red": 214,
    "green": 214,
    "blue": 214,
    "alpha": 0.0
  }
},
{
  "model": "plan_visual_django.color",
  "pk": 25,
  "fields": {
    "user": [
      "shared_data_user"
    ],
    "name": "[25]Grey++",
    "red": 235,
    "green": 234,
    "blue": 234,
    "alpha": 0.0
  }
},
{
  "model": "plan_visual_django.color",
  "pk": 26,
  "fields": {
    "user": [
      "shared_data_user"
    ],
    "name": "[00]White",
    "red": 255,
    "green": 255,
    "blue": 255,
    "alpha": 0.0
  }
},
{
  "model": "plan_visual_django.color",
  "pk": 27,
  "fields": {
    "user": [
      "shared_data_user"
    ],
    "name": "[00]Black",
    "red": 0,
    "green": 0,
    "blue": 0,
    "alpha": 0.0
  }
},
{
  "model": "plan_visual_django.color",
  "pk": 28,
  "fields": {
    "user": [
      "admin"
    ],
    "name": "Added Colour 1",
    "red": 20,
    "green": 198,
    "blue": 203,
    "alpha": 0.0
  }
},
{
  "model": "plan_visual_django.color",
  "pk": 29,
  "fields": {
    "user": [
      "admin"
    ],
    "name": "Added Colour 2",
    "red": 236,
    "green": 162,
    "blue": 59,
    "alpha": 0.0
  }
},
{
  "model": "plan_visual_django.color",
  "pk": 247,
  "fields": {
    "user": [
      "shared_data_user"
    ],
    "name": "palette-for-theme-app-theme-01-var-01-01",
    "red": 184,
    "green": 165,
    "blue": 242,
    "alpha": 0.0
  }
},
{
  "model": "plan_visual_django.color",
  "pk": 248,
  "fields": {
    "user": [
      "shared_data_user"
    ],
    "name": "palette-for-theme-app-theme-01-var-01-02",
    "red": 149,
    "green": 121,
    "blue": 235,
    "alpha": 0.0
  }
},
{
  "model": "plan_visual_django.color",
  "pk": 249,
  "fields": {
    "user": [
      "shared_data_user"
    ],
    "name": "palette-for-theme-app-theme-01-var-01-03",
    "red": 113,
    "green": 76,
    "blue": 229,
    "alpha": 0.0
  }
},
{
  "model": "plan_visual_django.color",
  "pk": 250,
  "fields": {
    "user": [
      "shared_data_user"
    ],
    "name": "palette-for-theme-app-theme-01-var-01-04",
    "red": 78,
    "green": 31,
    "blue": 223,
    "alpha": 0.0
  }
},
{
  "model": "plan_visual_django.color",
  "pk": 251,
  "fields": {
    "user": [
      "shared_data_user"
    ],
    "name": "palette-for-theme-app-theme-01-var-01-05",
    "red": 62,
    "green": 25,
    "blue": 178,
    "alpha": 0.0
  }
},
{
  "model": "plan_visual_django.color",
  "pk": 252,
  "fields": {
    "user": [
      "shared_data_user"
    ],
    "name": "palette-for-theme-app-theme-01-var-01-06",
    "red": 47,
    "green": 19,
    "blue": 133,
    "alpha": 0.0
  }
},
{
  "model": "plan_visual_django.color",
  "pk": 253,
  "fields": {
    "user": [
      "shared_data_user"
    ],
    "name": "palette-for-theme-app-theme-01-var-01-07",
    "red": 31,
    "green": 12,
    "blue": 89,
    "alpha": 0.0
  }
},
{
  "model": "plan_visual_django.color",
  "pk": 254,
  "fields": {
    "user": [
      "shared_data_user"
    ],
    "name": "palette-for-theme-app-theme-01-var-02-01",
    "red": 217,
    "green": 176,
    "blue": 231,
    "alpha": 0.0
  }
},
{
  "model": "plan_visual_django.color",
  "pk": 255,
  "fields": {
    "user": [
      "shared_data_user"
    ],
    "name": "palette-for-theme-app-theme-01-var-02-02",
    "red": 198,
    "green": 137,
    "blue": 219,
    "alpha": 0.0
  }
},
{
  "model": "plan_visual_django.color",
  "pk": 256,
  "fields": {
    "user": [
      "shared_data_user"
    ],
    "name": "palette-for-theme-app-theme-01-var-02-03",
    "red": 179,
    "green": 97,
    "blue": 208,
    "alpha": 0.0
  }
},
{
  "model": "plan_visual_django.color",
  "pk": 257,
  "fields": {
    "user": [
      "shared_data_user"
    ],
    "name": "palette-for-theme-app-theme-01-var-02-04",
    "red": 160,
    "green": 58,
    "blue": 196,
    "alpha": 0.0
  }
},
{
  "model": "plan_visual_django.color",
  "pk": 258,
  "fields": {
    "user": [
      "shared_data_user"
    ],
    "name": "palette-for-theme-app-theme-01-var-02-05",
    "red": 128,
    "green": 46,
    "blue": 157,
    "alpha": 0.0
  }
},
{
  "model": "plan_visual_django.color",
  "pk": 259,
  "fields": {
    "user": [
      "shared_data_user"
    ],
    "name": "palette-for-theme-app-theme-01-var-02-06",
    "red": 96,
    "green": 35,
    "blue": 117,
    "alpha": 0.0
  }
},
{
  "model": "plan_visual_django.color",
  "pk": 260,
  "fields": {
    "user": [
      "shared_data_user"
    ],
    "name": "palette-for-theme-app-theme-01-var-02-07",
    "red": 64,
    "green": 23,
    "blue": 78,
    "alpha": 0.0
  }
},
{
  "model": "plan_visual_django.color",
  "pk": 261,
  "fields": {
    "user": [
      "shared_data_user"
    ],
    "name": "palette-for-theme-app-theme-01-var-03-01",
    "red": 178,
    "green": 200,
    "blue": 229,
    "alpha": 0.0
  }
},
{
  "model": "plan_visual_django.color",
  "pk": 262,
  "fields": {
    "user": [
      "shared_data_user"
    ],
    "name": "palette-for-theme-app-theme-01-var-03-02",
    "red": 139,
    "green": 172,
    "blue": 217,
    "alpha": 0.0
  }
},
{
  "model": "plan_visual_django.color",
  "pk": 263,
  "fields": {
    "user": [
      "shared_data_user"
    ],
    "name": "palette-for-theme-app-theme-01-var-03-03",
    "red": 101,
    "green": 145,
    "blue": 204,
    "alpha": 0.0
  }
},
{
  "model": "plan_visual_django.color",
  "pk": 264,
  "fields": {
    "user": [
      "shared_data_user"
    ],
    "name": "palette-for-theme-app-theme-01-var-03-04",
    "red": 62,
    "green": 118,
    "blue": 192,
    "alpha": 0.0
  }
},
{
  "model": "plan_visual_django.color",
  "pk": 265,
  "fields": {
    "user": [
      "shared_data_user"
    ],
    "name": "palette-for-theme-app-theme-01-var-03-05",
    "red": 50,
    "green": 94,
    "blue": 153,
    "alpha": 0.0
  }
},
{
  "model": "plan_visual_django.color",
  "pk": 266,
  "fields": {
    "user": [
      "shared_data_user"
    ],
    "name": "palette-for-theme-app-theme-01-var-03-06",
    "red": 37,
    "green": 70,
    "blue": 115,
    "alpha": 0.0
  }
},
{
  "model": "plan_visual_django.color",
  "pk": 267,
  "fields": {
    "user": [
      "shared_data_user"
    ],
    "name": "palette-for-theme-app-theme-01-var-03-07",
    "red": 25,
    "green": 47,
    "blue": 76,
    "alpha": 0.0
  }
},
{
  "model": "plan_visual_django.color",
  "pk": 268,
  "fields": {
    "user": [
      "app_user_02"
    ],
    "name": "AU2-01-Pink",
    "red": 215,
    "green": 51,
    "blue": 178,
    "alpha": 0.0
  }
},
{
  "model": "plan_visual_django.color",
  "pk": 269,
  "fields": {
    "user": [
      "app_user_02"
    ],
    "name": "AU2-02-Pink",
    "red": 15,
    "green": 163,
    "blue": 52,
    "alpha": 0.0
  }
},
{
  "model": "plan_visual_django.plotablestyle",
  "pk": 1,
  "fields": {
    "user": [
      "shared_data_user"
    ],
    "style_name": "[01]Milestone Default 1",
    "fill_color": 1,
    "line_color": 2,
    "font_color": 21,
    "line_thickness": 3,
    "font": 1,
    "font_size": 10
  }
},
{
  "model": "plan_visual_django.plotablestyle",
  "pk": 2,
  "fields": {
    "user": [
      "shared_data_user"
    ],
    "style_name": "[02]Milestone Default 2",
    "fill_color": 16,
    "line_color": 17,
    "font_color": 21,
    "line_thickness": 3,
    "font": 1,
    "font_size": 10
  }
},
{
  "model": "plan_visual_django.plotablestyle",
  "pk": 3,
  "fields": {
    "user": [
      "shared_data_user"
    ],
    "style_name": "[03]Activity Default 1",
    "fill_color": 6,
    "line_color": 7,
    "font_color": 21,
    "line_thickness": 3,
    "font": 1,
    "font_size": 10
  }
},
{
  "model": "plan_visual_django.plotablestyle",
  "pk": 4,
  "fields": {
    "user": [
      "shared_data_user"
    ],
    "style_name": "[04]Activity Default 2",
    "fill_color": 11,
    "line_color": 12,
    "font_color": 21,
    "line_thickness": 3,
    "font": 1,
    "font_size": 15
  }
},
{
  "model": "plan_visual_django.plotablestyle",
  "pk": 5,
  "fields": {
    "user": [
      "shared_data_user"
    ],
    "style_name": "[05]Swimlane-odd Default 1",
    "fill_color": 25,
    "line_color": 25,
    "font_color": 23,
    "line_thickness": 3,
    "font": 1,
    "font_size": 10
  }
},
{
  "model": "plan_visual_django.plotablestyle",
  "pk": 6,
  "fields": {
    "user": [
      "shared_data_user"
    ],
    "style_name": "[06]Swimlane-even Default 1",
    "fill_color": 24,
    "line_color": 24,
    "font_color": 23,
    "line_thickness": 3,
    "font": 1,
    "font_size": 10
  }
},
{
  "model": "plan_visual_django.plotablestyle",
  "pk": 34,
  "fields": {
    "user": [
      "shared_data_user"
    ],
    "style_name": "app-theme-01-001-activities-01",
    "fill_color": 251,
    "line_color": 252,
    "font_color": 247,
    "line_thickness": 10,
    "font": 1,
    "font_size": 10
  }
},
{
  "model": "plan_visual_django.plotablestyle",
  "pk": 35,
  "fields": {
    "user": [
      "shared_data_user"
    ],
    "style_name": "app-theme-01-002-activities-02",
    "fill_color": 258,
    "line_color": 259,
    "font_color": 254,
    "line_thickness": 10,
    "font": 1,
    "font_size": 10
  }
},
{
  "model": "plan_visual_django.plotablestyle",
  "pk": 36,
  "fields": {
    "user": [
      "shared_data_user"
    ],
    "style_name": "app-theme-01-003-activities-03",
    "fill_color": 265,
    "line_color": 266,
    "font_color": 261,
    "line_thickness": 10,
    "font": 1,
    "font_size": 10
  }
},
{
  "model": "plan_visual_django.plotablestyle",
  "pk": 37,
  "fields": {
    "user": [
      "shared_data_user"
    ],
    "style_name": "app-theme-01-004-milestones-01",
    "fill_color": 252,
    "line_color": 253,
    "font_color": 247,
    "line_thickness": 10,
    "font": 1,
    "font_size": 10
  }
},
{
  "model": "plan_visual_django.plotablestyle",
  "pk": 38,
  "fields": {
    "user": [
      "shared_data_user"
    ],
    "style_name": "app-theme-01-005-milestones-02",
    "fill_color": 259,
    "line_color": 260,
    "font_color": 254,
    "line_thickness": 10,
    "font": 1,
    "font_size": 10
  }
},
{
  "model": "plan_visual_django.plotablestyle",
  "pk": 39,
  "fields": {
    "user": [
      "shared_data_user"
    ],
    "style_name": "app-theme-01-006-swimlanes-01",
    "fill_color": 254,
    "line_color": 255,
    "font_color": 260,
    "line_thickness": 10,
    "font": 1,
    "font_size": 10
  }
},
{
  "model": "plan_visual_django.plotablestyle",
  "pk": 40,
  "fields": {
    "user": [
      "shared_data_user"
    ],
    "style_name": "app-theme-01-007-swimlanes-02",
    "fill_color": 261,
    "line_color": 262,
    "font_color": 260,
    "line_thickness": 10,
    "font": 1,
    "font_size": 10
  }
},
{
  "model": "plan_visual_django.plotablestyle",
  "pk": 41,
  "fields": {
    "user": [
      "shared_data_user"
    ],
    "style_name": "app-theme-01-008-timelines-01",
    "fill_color": 249,
    "line_color": 250,
    "font_color": 253,
    "line_thickness": 10,
    "font": 1,
    "font_size": 10
  }
},
{
  "model": "plan_visual_django.plotablestyle",
  "pk": 42,
  "fields": {
    "user": [
      "shared_data_user"
    ],
    "style_name": "app-theme-01-009-timelines-02",
    "fill_color": 263,
    "line_color": 257,
    "font_color": 267,
    "line_thickness": 10,
    "font": 1,
    "font_size": 10
  }
},
{
  "model": "plan_visual_django.plotablestyle",
  "pk": 43,
  "fields": {
    "user": [
      "app_user_02"
    ],
    "style_name": "AU2-STYLE-01",
    "fill_color": 268,
    "line_color": 269,
    "font_color": 269,
    "line_thickness": 1,
    "font": 1,
    "font_size": 10
  }
},
{
  "model": "admin.logentry",
  "pk": 1,
  "fields": {
    "action_time": "2024-01-21T13:09:58.222Z",
    "user": [
      "admin"
    ],
    "content_type": [
      "plan_visual_django",
      "plan"
    ],
    "object_id": "2",
    "object_repr": "Plan4(PV-Test-04-invalid-sheet.xlsx:Excel (modern) Smartsheet Export)",
    "action_flag": 3,
    "change_message": ""
  }
},
{
  "model": "admin.logentry",
  "pk": 2,
  "fields": {
    "action_time": "2024-01-21T13:09:58.226Z",
    "user": [
      "admin"
    ],
    "content_type": [
      "plan_visual_django",
      "plan"
    ],
    "object_id": "1",
    "object_repr": "Plan 1(PV-Test-03.xlsx:Excel (modern) Smartsheet Export)",
    "action_flag": 3,
    "change_message": ""
  }
},
{
  "model": "admin.logentry",
  "pk": 3,
  "fields": {
    "action_time": "2024-01-21T13:16:27.750Z",
    "user": [
      "admin"
    ],
    "content_type": [
      "plan_visual_django",
      "plan"
    ],
    "object_id": "3",
    "object_repr": "Plan4(PV-Test-04-invalid-sheet.xlsx:Excel (modern) Smartsheet Export)",
    "action_flag": 3,
    "change_message": ""
  }
},
{
  "model": "admin.logentry",
  "pk": 4,
  "fields": {
    "action_time": "2024-01-21T13:33:04.793Z",
    "user": [
      "admin"
    ],
    "content_type": [
      "plan_visual_django",
      "plan"
    ],
    "object_id": "4",
    "object_repr": "Plan4(PV-Test-04-invalid-sheet.xlsx:Excel (modern) Smartsheet Export)",
    "action_flag": 3,
    "change_message": ""
  }
},
{
  "model": "admin.logentry",
  "pk": 5,
  "fields": {
    "action_time": "2024-01-21T13:37:13.480Z",
    "user": [
      "admin"
    ],
    "content_type": [
      "plan_visual_django",
      "plan"
    ],
    "object_id": "5",
    "object_repr": "Plan4(PV-Test-04-invalid-sheet.xlsx:Excel (modern) Smartsheet Export)",
    "action_flag": 3,
    "change_message": ""
  }
},
{
  "model": "admin.logentry",
  "pk": 6,
  "fields": {
    "action_time": "2024-01-21T13:41:56.114Z",
    "user": [
      "admin"
    ],
    "content_type": [
      "plan_visual_django",
      "plan"
    ],
    "object_id": "6",
    "object_repr": "Plan4(PV-Test-04-invalid-sheet.xlsx:Excel (modern) Smartsheet Export)",
    "action_flag": 3,
    "change_message": ""
  }
},
{
  "model": "admin.logentry",
  "pk": 7,
  "fields": {
    "action_time": "2024-05-05T13:17:40.304Z",
    "user": [
      "admin"
    ],
    "content_type": [
      "plan_visual_django",
      "timelineforvisual"
    ],
    "object_id": "1",
    "object_repr": "TimelineForVisual object (1)",
    "action_flag": 1,
    "change_message": "[{\"added\": {}}]"
  }
},
{
  "model": "admin.logentry",
  "pk": 8,
  "fields": {
    "action_time": "2024-07-24T09:14:52.172Z",
    "user": [
      "admin"
    ],
    "content_type": [
      "plan_visual_django",
      "plan"
    ],
    "object_id": "10",
    "object_repr": "CRM_Auto_Extract(ExportedTasks.xlsx:Excel (modern) MSP Export)",
    "action_flag": 3,
    "change_message": ""
  }
},
{
  "model": "admin.logentry",
  "pk": 9,
  "fields": {
    "action_time": "2024-07-24T09:18:48.967Z",
    "user": [
      "admin"
    ],
    "content_type": [
      "plan_visual_django",
      "plan"
    ],
    "object_id": "11",
    "object_repr": "xxx(ExportedTasks.xlsx:Excel (modern) MSP Export)",
    "action_flag": 3,
    "change_message": ""
  }
},
{
  "model": "admin.logentry",
  "pk": 10,
  "fields": {
    "action_time": "2024-07-24T10:05:13.868Z",
    "user": [
      "admin"
    ],
    "content_type": null,
    "object_id": "3",
    "object_repr": "Excel (MS Project Duration Int)",
    "action_flag": 1,
    "change_message": "[{\"added\": {}}]"
  }
},
{
  "model": "admin.logentry",
  "pk": 11,
  "fields": {
    "action_time": "2024-07-24T10:06:14.612Z",
    "user": [
      "admin"
    ],
    "content_type": null,
    "object_id": "13",
    "object_repr": "Excel (MS Project Duration Int):unique_sticky_activity_id:STR -> ID:INT",
    "action_flag": 1,
    "change_message": "[{\"added\": {}}]"
  }
},
{
  "model": "admin.logentry",
  "pk": 12,
  "fields": {
    "action_time": "2024-07-24T10:06:40.004Z",
    "user": [
      "admin"
    ],
    "content_type": null,
    "object_id": "14",
    "object_repr": "Excel (MS Project Duration Int):activity_name:STR -> Task_Name:STR",
    "action_flag": 1,
    "change_message": "[{\"added\": {}}]"
  }
},
{
  "model": "admin.logentry",
  "pk": 13,
  "fields": {
    "action_time": "2024-07-24T10:07:05.488Z",
    "user": [
      "admin"
    ],
    "content_type": null,
    "object_id": "15",
    "object_repr": "Excel (MS Project Duration Int):duration:INT -> Duration:INT",
    "action_flag": 1,
    "change_message": "[{\"added\": {}}]"
  }
},
{
  "model": "admin.logentry",
  "pk": 14,
  "fields": {
    "action_time": "2024-07-24T10:10:54.743Z",
    "user": [
      "admin"
    ],
    "content_type": null,
    "object_id": "16",
    "object_repr": "Excel (MS Project Duration Int):start_date:DATE -> Start_Date:STR_DATE_DMY_02",
    "action_flag": 1,
    "change_message": "[{\"added\": {}}]"
  }
},
{
  "model": "admin.logentry",
  "pk": 15,
  "fields": {
    "action_time": "2024-07-24T10:37:14.215Z",
    "user": [
      "admin"
    ],
    "content_type": null,
    "object_id": "17",
    "object_repr": "Excel (MS Project Duration Int):level:INT -> Outline_Level:INT",
    "action_flag": 1,
    "change_message": "[{\"added\": {}}]"
  }
},
{
  "model": "admin.logentry",
  "pk": 16,
  "fields": {
    "action_time": "2024-07-24T10:37:38.514Z",
    "user": [
      "admin"
    ],
    "content_type": null,
    "object_id": "18",
    "object_repr": "Excel (MS Project Duration Int):end_date:DATE -> End_Date:STR_DATE_DMY_02",
    "action_flag": 1,
    "change_message": "[{\"added\": {}}]"
  }
},
{
  "model": "admin.logentry",
  "pk": 17,
  "fields": {
    "action_time": "2024-07-24T10:38:16.628Z",
    "user": [
      "admin"
    ],
    "content_type": [
      "plan_visual_django",
      "plan"
    ],
    "object_id": "12",
    "object_repr": "xxx(ExportedTasks.xlsx:Excel (modern) MSP Export)",
    "action_flag": 3,
    "change_message": ""
  }
},
{
  "model": "admin.logentry",
  "pk": 18,
  "fields": {
    "action_time": "2024-07-24T10:38:35.148Z",
    "user": [
      "admin"
    ],
    "content_type": [
      "plan_visual_django",
      "plan"
    ],
    "object_id": "13",
    "object_repr": "xxx(ExportedTasks.xlsx:Excel (modern) MSP Export)",
    "action_flag": 3,
    "change_message": ""
  }
},
{
  "model": "admin.logentry",
  "pk": 19,
  "fields": {
    "action_time": "2024-07-24T10:40:39.095Z",
    "user": [
      "admin"
    ],
    "content_type": null,
    "object_id": "3",
    "object_repr": "Excel (modern) MSP Export (AutoExtract)",
    "action_flag": 1,
    "change_message": "[{\"added\": {}}]"
  }
},
{
  "model": "admin.logentry",
  "pk": 20,
  "fields": {
    "action_time": "2024-07-24T10:41:51.903Z",
    "user": [
      "admin"
    ],
    "content_type": null,
    "object_id": "18",
    "object_repr": "Excel (MS Project Duration Int):end_date:DATE -> Finish_Date:STR_DATE_DMY_02",
    "action_flag": 2,
    "change_message": "[{\"changed\": {\"fields\": [\"Input field name\"]}}]"
  }
},
{
  "model": "admin.logentry",
  "pk": 21,
  "fields": {
    "action_time": "2024-07-24T10:42:34.154Z",
    "user": [
      "admin"
    ],
    "content_type": [
      "plan_visual_django",
      "plan"
    ],
    "object_id": "14",
    "object_repr": "XXX(ExportedTasks.xlsx:Excel (modern) MSP Export (AutoExtract))",
    "action_flag": 3,
    "change_message": ""
  }
},
{
  "model": "admin.logentry",
  "pk": 22,
  "fields": {
    "action_time": "2024-07-24T10:51:46.561Z",
    "user": [
      "admin"
    ],
    "content_type": null,
    "object_id": "16",
    "object_repr": "Excel (MS Project Duration Int):start_date:DATE -> Start_Date:DATE",
    "action_flag": 2,
    "change_message": "[{\"changed\": {\"fields\": [\"Input field type\"]}}]"
  }
},
{
  "model": "admin.logentry",
  "pk": 23,
  "fields": {
    "action_time": "2024-07-24T10:51:57.171Z",
    "user": [
      "admin"
    ],
    "content_type": null,
    "object_id": "18",
    "object_repr": "Excel (MS Project Duration Int):end_date:DATE -> Finish_Date:DATE",
    "action_flag": 2,
    "change_message": "[{\"changed\": {\"fields\": [\"Input field type\"]}}]"
  }
},
{
  "model": "admin.logentry",
  "pk": 24,
  "fields": {
    "action_time": "2024-07-24T10:52:08.234Z",
    "user": [
      "admin"
    ],
    "content_type": [
      "plan_visual_django",
      "plan"
    ],
    "object_id": "15",
    "object_repr": "XXX(ExportedTasks.xlsx:Excel (modern) MSP Export (AutoExtract))",
    "action_flag": 3,
    "change_message": ""
  }
},
{
  "model": "admin.logentry",
  "pk": 25,
  "fields": {
    "action_time": "2024-08-29T19:03:32.047Z",
    "user": [
      "admin"
    ],
    "content_type": [
      "plan_visual_django",
      "staticcontent"
    ],
    "object_id": "1",
    "object_repr": "StaticContent object (1)",
    "action_flag": 1,
    "change_message": "[{\"added\": {}}]"
  }
},
{
  "model": "admin.logentry",
  "pk": 26,
  "fields": {
    "action_time": "2024-08-29T20:38:05.037Z",
    "user": [
      "admin"
    ],
    "content_type": [
      "plan_visual_django",
      "staticcontent"
    ],
    "object_id": "1",
    "object_repr": "StaticContent object (1)",
    "action_flag": 2,
    "change_message": "[{\"changed\": {\"fields\": [\"Title\", \"Content\"]}}]"
  }
},
{
  "model": "admin.logentry",
  "pk": 27,
  "fields": {
    "action_time": "2024-08-29T20:56:56.019Z",
    "user": [
      "admin"
    ],
    "content_type": [
      "plan_visual_django",
      "staticcontent"
    ],
    "object_id": "1",
    "object_repr": "StaticContent object (1)",
    "action_flag": 2,
    "change_message": "[{\"changed\": {\"fields\": [\"Content\"]}}]"
  }
},
{
  "model": "admin.logentry",
  "pk": 28,
  "fields": {
    "action_time": "2024-08-29T21:03:46.692Z",
    "user": [
      "admin"
    ],
    "content_type": [
      "plan_visual_django",
      "staticcontent"
    ],
    "object_id": "1",
    "object_repr": "StaticContent object (1)",
    "action_flag": 2,
    "change_message": "[{\"changed\": {\"fields\": [\"Content\"]}}]"
  }
},
{
  "model": "admin.logentry",
  "pk": 29,
  "fields": {
    "action_time": "2024-08-29T21:04:24.116Z",
    "user": [
      "admin"
    ],
    "content_type": [
      "plan_visual_django",
      "staticcontent"
    ],
    "object_id": "1",
    "object_repr": "StaticContent object (1)",
    "action_flag": 2,
    "change_message": "[{\"changed\": {\"fields\": [\"Content\"]}}]"
  }
},
{
  "model": "admin.logentry",
  "pk": 30,
  "fields": {
    "action_time": "2024-08-30T06:33:23.768Z",
    "user": [
      "admin"
    ],
    "content_type": [
      "plan_visual_django",
      "staticcontent"
    ],
    "object_id": "1",
    "object_repr": "StaticContent object (1)",
    "action_flag": 2,
    "change_message": "[{\"changed\": {\"fields\": [\"Content\"]}}]"
  }
},
{
  "model": "admin.logentry",
  "pk": 31,
  "fields": {
    "action_time": "2024-08-30T06:37:20.438Z",
    "user": [
      "admin"
    ],
    "content_type": [
      "plan_visual_django",
      "staticcontent"
    ],
    "object_id": "1",
    "object_repr": "StaticContent object (1)",
    "action_flag": 2,
    "change_message": "[{\"changed\": {\"fields\": [\"Content\"]}}]"
  }
},
{
  "model": "admin.logentry",
  "pk": 32,
  "fields": {
    "action_time": "2024-08-30T06:37:57.502Z",
    "user": [
      "admin"
    ],
    "content_type": [
      "plan_visual_django",
      "staticcontent"
    ],
    "object_id": "1",
    "object_repr": "StaticContent object (1)",
    "action_flag": 2,
    "change_message": "[{\"changed\": {\"fields\": [\"Content\"]}}]"
  }
},
{
  "model": "admin.logentry",
  "pk": 33,
  "fields": {
    "action_time": "2024-09-08T10:32:36.879Z",
    "user": [
      "admin"
    ],
    "content_type": null,
    "object_id": "3",
    "object_repr": "Excel (modern) MSP Export (AutoExtract)",
    "action_flag": 2,
    "change_message": "[{\"changed\": {\"fields\": [\"File type title\", \"File type description\"]}}]"
  }
},
{
  "model": "admin.logentry",
  "pk": 34,
  "fields": {
    "action_time": "2024-09-08T10:33:41.948Z",
    "user": [
      "admin"
    ],
    "content_type": null,
    "object_id": "2",
    "object_repr": "Excel (modern) MSP Export",
    "action_flag": 2,
    "change_message": "[{\"changed\": {\"fields\": [\"File type description\"]}}]"
  }
},
{
  "model": "admin.logentry",
  "pk": 35,
  "fields": {
    "action_time": "2024-09-08T10:34:04.719Z",
    "user": [
      "admin"
    ],
    "content_type": null,
    "object_id": "2",
    "object_repr": "Excel (modern) MSP Export",
    "action_flag": 2,
    "change_message": "[{\"changed\": {\"fields\": [\"File type title\"]}}]"
  }
},
{
  "model": "admin.logentry",
  "pk": 36,
  "fields": {
    "action_time": "2024-09-24T11:34:34.368Z",
    "user": [
      "admin"
    ],
    "content_type": [
      "plan_visual_django",
      "color"
    ],
    "object_id": "36",
    "object_repr": "palette-for-test_theme_01)-var_01",
    "action_flag": 3,
    "change_message": ""
  }
},
{
  "model": "admin.logentry",
  "pk": 37,
  "fields": {
    "action_time": "2024-09-24T11:34:34.368Z",
    "user": [
      "admin"
    ],
    "content_type": [
      "plan_visual_django",
      "color"
    ],
    "object_id": "35",
    "object_repr": "palette-for-test_theme_01)-var_02",
    "action_flag": 3,
    "change_message": ""
  }
},
{
  "model": "admin.logentry",
  "pk": 38,
  "fields": {
    "action_time": "2024-09-24T11:34:34.368Z",
    "user": [
      "admin"
    ],
    "content_type": [
      "plan_visual_django",
      "color"
    ],
    "object_id": "34",
    "object_repr": "palette-for-test_theme_01)-var_03",
    "action_flag": 3,
    "change_message": ""
  }
},
{
  "model": "admin.logentry",
  "pk": 39,
  "fields": {
    "action_time": "2024-09-24T11:34:34.368Z",
    "user": [
      "admin"
    ],
    "content_type": [
      "plan_visual_django",
      "color"
    ],
    "object_id": "33",
    "object_repr": "palette-for-test_theme_01)-var_04",
    "action_flag": 3,
    "change_message": ""
  }
},
{
  "model": "admin.logentry",
  "pk": 40,
  "fields": {
    "action_time": "2024-09-24T11:34:34.368Z",
    "user": [
      "admin"
    ],
    "content_type": [
      "plan_visual_django",
      "color"
    ],
    "object_id": "32",
    "object_repr": "palette-for-test_theme_01)-var_05",
    "action_flag": 3,
    "change_message": ""
  }
},
{
  "model": "admin.logentry",
  "pk": 41,
  "fields": {
    "action_time": "2024-09-24T11:34:34.368Z",
    "user": [
      "admin"
    ],
    "content_type": [
      "plan_visual_django",
      "color"
    ],
    "object_id": "31",
    "object_repr": "palette-for-test_theme_01)-var_06",
    "action_flag": 3,
    "change_message": ""
  }
},
{
  "model": "admin.logentry",
  "pk": 42,
  "fields": {
    "action_time": "2024-09-24T11:34:34.368Z",
    "user": [
      "admin"
    ],
    "content_type": [
      "plan_visual_django",
      "color"
    ],
    "object_id": "30",
    "object_repr": "palette-for-test_theme_01)-var_07",
    "action_flag": 3,
    "change_message": ""
  }
},
{
  "model": "admin.logentry",
  "pk": 43,
  "fields": {
    "action_time": "2024-09-24T11:42:12.852Z",
    "user": [
      "admin"
    ],
    "content_type": [
      "plan_visual_django",
      "color"
    ],
    "object_id": "64",
    "object_repr": "palette-for-test-theme-01)-var-01-01",
    "action_flag": 3,
    "change_message": ""
  }
},
{
  "model": "admin.logentry",
  "pk": 44,
  "fields": {
    "action_time": "2024-09-24T11:42:12.852Z",
    "user": [
      "admin"
    ],
    "content_type": [
      "plan_visual_django",
      "color"
    ],
    "object_id": "63",
    "object_repr": "palette-for-test-theme-01)-var-01-02",
    "action_flag": 3,
    "change_message": ""
  }
},
{
  "model": "admin.logentry",
  "pk": 45,
  "fields": {
    "action_time": "2024-09-24T11:42:12.852Z",
    "user": [
      "admin"
    ],
    "content_type": [
      "plan_visual_django",
      "color"
    ],
    "object_id": "62",
    "object_repr": "palette-for-test-theme-01)-var-01-03",
    "action_flag": 3,
    "change_message": ""
  }
},
{
  "model": "admin.logentry",
  "pk": 46,
  "fields": {
    "action_time": "2024-09-24T11:42:12.852Z",
    "user": [
      "admin"
    ],
    "content_type": [
      "plan_visual_django",
      "color"
    ],
    "object_id": "61",
    "object_repr": "palette-for-test-theme-01)-var-01-04",
    "action_flag": 3,
    "change_message": ""
  }
},
{
  "model": "admin.logentry",
  "pk": 47,
  "fields": {
    "action_time": "2024-09-24T11:42:12.852Z",
    "user": [
      "admin"
    ],
    "content_type": [
      "plan_visual_django",
      "color"
    ],
    "object_id": "60",
    "object_repr": "palette-for-test-theme-01)-var-01-05",
    "action_flag": 3,
    "change_message": ""
  }
},
{
  "model": "admin.logentry",
  "pk": 48,
  "fields": {
    "action_time": "2024-09-24T11:42:12.852Z",
    "user": [
      "admin"
    ],
    "content_type": [
      "plan_visual_django",
      "color"
    ],
    "object_id": "59",
    "object_repr": "palette-for-test-theme-01)-var-01-06",
    "action_flag": 3,
    "change_message": ""
  }
},
{
  "model": "admin.logentry",
  "pk": 49,
  "fields": {
    "action_time": "2024-09-24T11:42:12.852Z",
    "user": [
      "admin"
    ],
    "content_type": [
      "plan_visual_django",
      "color"
    ],
    "object_id": "58",
    "object_repr": "palette-for-test-theme-01)-var-01-07",
    "action_flag": 3,
    "change_message": ""
  }
},
{
  "model": "admin.logentry",
  "pk": 50,
  "fields": {
    "action_time": "2024-09-24T11:42:12.852Z",
    "user": [
      "admin"
    ],
    "content_type": [
      "plan_visual_django",
      "color"
    ],
    "object_id": "71",
    "object_repr": "palette-for-test-theme-01)-var-02-01",
    "action_flag": 3,
    "change_message": ""
  }
},
{
  "model": "admin.logentry",
  "pk": 51,
  "fields": {
    "action_time": "2024-09-24T11:42:12.852Z",
    "user": [
      "admin"
    ],
    "content_type": [
      "plan_visual_django",
      "color"
    ],
    "object_id": "70",
    "object_repr": "palette-for-test-theme-01)-var-02-02",
    "action_flag": 3,
    "change_message": ""
  }
},
{
  "model": "admin.logentry",
  "pk": 52,
  "fields": {
    "action_time": "2024-09-24T11:42:12.852Z",
    "user": [
      "admin"
    ],
    "content_type": [
      "plan_visual_django",
      "color"
    ],
    "object_id": "69",
    "object_repr": "palette-for-test-theme-01)-var-02-03",
    "action_flag": 3,
    "change_message": ""
  }
},
{
  "model": "admin.logentry",
  "pk": 53,
  "fields": {
    "action_time": "2024-09-24T11:42:12.852Z",
    "user": [
      "admin"
    ],
    "content_type": [
      "plan_visual_django",
      "color"
    ],
    "object_id": "68",
    "object_repr": "palette-for-test-theme-01)-var-02-04",
    "action_flag": 3,
    "change_message": ""
  }
},
{
  "model": "admin.logentry",
  "pk": 54,
  "fields": {
    "action_time": "2024-09-24T11:42:12.852Z",
    "user": [
      "admin"
    ],
    "content_type": [
      "plan_visual_django",
      "color"
    ],
    "object_id": "67",
    "object_repr": "palette-for-test-theme-01)-var-02-05",
    "action_flag": 3,
    "change_message": ""
  }
},
{
  "model": "admin.logentry",
  "pk": 55,
  "fields": {
    "action_time": "2024-09-24T11:42:12.852Z",
    "user": [
      "admin"
    ],
    "content_type": [
      "plan_visual_django",
      "color"
    ],
    "object_id": "66",
    "object_repr": "palette-for-test-theme-01)-var-02-06",
    "action_flag": 3,
    "change_message": ""
  }
},
{
  "model": "admin.logentry",
  "pk": 56,
  "fields": {
    "action_time": "2024-09-24T11:42:12.852Z",
    "user": [
      "admin"
    ],
    "content_type": [
      "plan_visual_django",
      "color"
    ],
    "object_id": "65",
    "object_repr": "palette-for-test-theme-01)-var-02-07",
    "action_flag": 3,
    "change_message": ""
  }
},
{
  "model": "admin.logentry",
  "pk": 57,
  "fields": {
    "action_time": "2024-09-24T11:42:12.852Z",
    "user": [
      "admin"
    ],
    "content_type": [
      "plan_visual_django",
      "color"
    ],
    "object_id": "78",
    "object_repr": "palette-for-test-theme-01)-var-03-01",
    "action_flag": 3,
    "change_message": ""
  }
},
{
  "model": "admin.logentry",
  "pk": 58,
  "fields": {
    "action_time": "2024-09-24T11:42:12.852Z",
    "user": [
      "admin"
    ],
    "content_type": [
      "plan_visual_django",
      "color"
    ],
    "object_id": "77",
    "object_repr": "palette-for-test-theme-01)-var-03-02",
    "action_flag": 3,
    "change_message": ""
  }
},
{
  "model": "admin.logentry",
  "pk": 59,
  "fields": {
    "action_time": "2024-09-24T11:42:12.853Z",
    "user": [
      "admin"
    ],
    "content_type": [
      "plan_visual_django",
      "color"
    ],
    "object_id": "76",
    "object_repr": "palette-for-test-theme-01)-var-03-03",
    "action_flag": 3,
    "change_message": ""
  }
},
{
  "model": "admin.logentry",
  "pk": 60,
  "fields": {
    "action_time": "2024-09-24T11:42:12.853Z",
    "user": [
      "admin"
    ],
    "content_type": [
      "plan_visual_django",
      "color"
    ],
    "object_id": "75",
    "object_repr": "palette-for-test-theme-01)-var-03-04",
    "action_flag": 3,
    "change_message": ""
  }
},
{
  "model": "admin.logentry",
  "pk": 61,
  "fields": {
    "action_time": "2024-09-24T11:42:12.853Z",
    "user": [
      "admin"
    ],
    "content_type": [
      "plan_visual_django",
      "color"
    ],
    "object_id": "74",
    "object_repr": "palette-for-test-theme-01)-var-03-05",
    "action_flag": 3,
    "change_message": ""
  }
},
{
  "model": "admin.logentry",
  "pk": 62,
  "fields": {
    "action_time": "2024-09-24T11:42:12.853Z",
    "user": [
      "admin"
    ],
    "content_type": [
      "plan_visual_django",
      "color"
    ],
    "object_id": "73",
    "object_repr": "palette-for-test-theme-01)-var-03-06",
    "action_flag": 3,
    "change_message": ""
  }
},
{
  "model": "admin.logentry",
  "pk": 63,
  "fields": {
    "action_time": "2024-09-24T11:42:12.853Z",
    "user": [
      "admin"
    ],
    "content_type": [
      "plan_visual_django",
      "color"
    ],
    "object_id": "72",
    "object_repr": "palette-for-test-theme-01)-var-03-07",
    "action_flag": 3,
    "change_message": ""
  }
},
{
  "model": "admin.logentry",
  "pk": 64,
  "fields": {
    "action_time": "2024-09-24T11:42:12.853Z",
    "user": [
      "admin"
    ],
    "content_type": [
      "plan_visual_django",
      "color"
    ],
    "object_id": "43",
    "object_repr": "palette-for-test_theme_01)-var-01-01",
    "action_flag": 3,
    "change_message": ""
  }
},
{
  "model": "admin.logentry",
  "pk": 65,
  "fields": {
    "action_time": "2024-09-24T11:42:12.853Z",
    "user": [
      "admin"
    ],
    "content_type": [
      "plan_visual_django",
      "color"
    ],
    "object_id": "42",
    "object_repr": "palette-for-test_theme_01)-var-01-02",
    "action_flag": 3,
    "change_message": ""
  }
},
{
  "model": "admin.logentry",
  "pk": 66,
  "fields": {
    "action_time": "2024-09-24T11:42:12.853Z",
    "user": [
      "admin"
    ],
    "content_type": [
      "plan_visual_django",
      "color"
    ],
    "object_id": "41",
    "object_repr": "palette-for-test_theme_01)-var-01-03",
    "action_flag": 3,
    "change_message": ""
  }
},
{
  "model": "admin.logentry",
  "pk": 67,
  "fields": {
    "action_time": "2024-09-24T11:42:12.853Z",
    "user": [
      "admin"
    ],
    "content_type": [
      "plan_visual_django",
      "color"
    ],
    "object_id": "40",
    "object_repr": "palette-for-test_theme_01)-var-01-04",
    "action_flag": 3,
    "change_message": ""
  }
},
{
  "model": "admin.logentry",
  "pk": 68,
  "fields": {
    "action_time": "2024-09-24T11:42:12.853Z",
    "user": [
      "admin"
    ],
    "content_type": [
      "plan_visual_django",
      "color"
    ],
    "object_id": "39",
    "object_repr": "palette-for-test_theme_01)-var-01-05",
    "action_flag": 3,
    "change_message": ""
  }
},
{
  "model": "admin.logentry",
  "pk": 69,
  "fields": {
    "action_time": "2024-09-24T11:42:12.853Z",
    "user": [
      "admin"
    ],
    "content_type": [
      "plan_visual_django",
      "color"
    ],
    "object_id": "38",
    "object_repr": "palette-for-test_theme_01)-var-01-06",
    "action_flag": 3,
    "change_message": ""
  }
},
{
  "model": "admin.logentry",
  "pk": 70,
  "fields": {
    "action_time": "2024-09-24T11:42:12.853Z",
    "user": [
      "admin"
    ],
    "content_type": [
      "plan_visual_django",
      "color"
    ],
    "object_id": "37",
    "object_repr": "palette-for-test_theme_01)-var-01-07",
    "action_flag": 3,
    "change_message": ""
  }
},
{
  "model": "admin.logentry",
  "pk": 71,
  "fields": {
    "action_time": "2024-09-24T11:42:12.853Z",
    "user": [
      "admin"
    ],
    "content_type": [
      "plan_visual_django",
      "color"
    ],
    "object_id": "50",
    "object_repr": "palette-for-test_theme_01)-var-02-01",
    "action_flag": 3,
    "change_message": ""
  }
},
{
  "model": "admin.logentry",
  "pk": 72,
  "fields": {
    "action_time": "2024-09-24T11:42:12.853Z",
    "user": [
      "admin"
    ],
    "content_type": [
      "plan_visual_django",
      "color"
    ],
    "object_id": "49",
    "object_repr": "palette-for-test_theme_01)-var-02-02",
    "action_flag": 3,
    "change_message": ""
  }
},
{
  "model": "admin.logentry",
  "pk": 73,
  "fields": {
    "action_time": "2024-09-24T11:42:12.853Z",
    "user": [
      "admin"
    ],
    "content_type": [
      "plan_visual_django",
      "color"
    ],
    "object_id": "48",
    "object_repr": "palette-for-test_theme_01)-var-02-03",
    "action_flag": 3,
    "change_message": ""
  }
},
{
  "model": "admin.logentry",
  "pk": 74,
  "fields": {
    "action_time": "2024-09-24T11:42:12.853Z",
    "user": [
      "admin"
    ],
    "content_type": [
      "plan_visual_django",
      "color"
    ],
    "object_id": "47",
    "object_repr": "palette-for-test_theme_01)-var-02-04",
    "action_flag": 3,
    "change_message": ""
  }
},
{
  "model": "admin.logentry",
  "pk": 75,
  "fields": {
    "action_time": "2024-09-24T11:42:12.853Z",
    "user": [
      "admin"
    ],
    "content_type": [
      "plan_visual_django",
      "color"
    ],
    "object_id": "46",
    "object_repr": "palette-for-test_theme_01)-var-02-05",
    "action_flag": 3,
    "change_message": ""
  }
},
{
  "model": "admin.logentry",
  "pk": 76,
  "fields": {
    "action_time": "2024-09-24T11:42:12.853Z",
    "user": [
      "admin"
    ],
    "content_type": [
      "plan_visual_django",
      "color"
    ],
    "object_id": "45",
    "object_repr": "palette-for-test_theme_01)-var-02-06",
    "action_flag": 3,
    "change_message": ""
  }
},
{
  "model": "admin.logentry",
  "pk": 77,
  "fields": {
    "action_time": "2024-09-24T11:42:12.853Z",
    "user": [
      "admin"
    ],
    "content_type": [
      "plan_visual_django",
      "color"
    ],
    "object_id": "44",
    "object_repr": "palette-for-test_theme_01)-var-02-07",
    "action_flag": 3,
    "change_message": ""
  }
},
{
  "model": "admin.logentry",
  "pk": 78,
  "fields": {
    "action_time": "2024-09-24T11:42:12.853Z",
    "user": [
      "admin"
    ],
    "content_type": [
      "plan_visual_django",
      "color"
    ],
    "object_id": "57",
    "object_repr": "palette-for-test_theme_01)-var-03-01",
    "action_flag": 3,
    "change_message": ""
  }
},
{
  "model": "admin.logentry",
  "pk": 79,
  "fields": {
    "action_time": "2024-09-24T11:42:12.853Z",
    "user": [
      "admin"
    ],
    "content_type": [
      "plan_visual_django",
      "color"
    ],
    "object_id": "56",
    "object_repr": "palette-for-test_theme_01)-var-03-02",
    "action_flag": 3,
    "change_message": ""
  }
},
{
  "model": "admin.logentry",
  "pk": 80,
  "fields": {
    "action_time": "2024-09-24T11:42:12.853Z",
    "user": [
      "admin"
    ],
    "content_type": [
      "plan_visual_django",
      "color"
    ],
    "object_id": "55",
    "object_repr": "palette-for-test_theme_01)-var-03-03",
    "action_flag": 3,
    "change_message": ""
  }
},
{
  "model": "admin.logentry",
  "pk": 81,
  "fields": {
    "action_time": "2024-09-24T11:42:12.853Z",
    "user": [
      "admin"
    ],
    "content_type": [
      "plan_visual_django",
      "color"
    ],
    "object_id": "54",
    "object_repr": "palette-for-test_theme_01)-var-03-04",
    "action_flag": 3,
    "change_message": ""
  }
},
{
  "model": "admin.logentry",
  "pk": 82,
  "fields": {
    "action_time": "2024-09-24T11:42:12.853Z",
    "user": [
      "admin"
    ],
    "content_type": [
      "plan_visual_django",
      "color"
    ],
    "object_id": "53",
    "object_repr": "palette-for-test_theme_01)-var-03-05",
    "action_flag": 3,
    "change_message": ""
  }
},
{
  "model": "admin.logentry",
  "pk": 83,
  "fields": {
    "action_time": "2024-09-24T11:42:12.853Z",
    "user": [
      "admin"
    ],
    "content_type": [
      "plan_visual_django",
      "color"
    ],
    "object_id": "52",
    "object_repr": "palette-for-test_theme_01)-var-03-06",
    "action_flag": 3,
    "change_message": ""
  }
},
{
  "model": "admin.logentry",
  "pk": 84,
  "fields": {
    "action_time": "2024-09-24T11:42:12.853Z",
    "user": [
      "admin"
    ],
    "content_type": [
      "plan_visual_django",
      "color"
    ],
    "object_id": "51",
    "object_repr": "palette-for-test_theme_01)-var-03-07",
    "action_flag": 3,
    "change_message": ""
  }
},
{
  "model": "admin.logentry",
  "pk": 85,
  "fields": {
    "action_time": "2024-09-24T12:04:48.934Z",
    "user": [
      "admin"
    ],
    "content_type": [
      "plan_visual_django",
      "plotablestyle"
    ],
    "object_id": "7",
    "object_repr": "test-theme-01-test-theme-01-001-activities-01, fill:palette-for-theme-test-theme-01-var-01-03, line:palette-for-theme-test-theme-01-var-01-02",
    "action_flag": 3,
    "change_message": ""
  }
},
{
  "model": "admin.logentry",
  "pk": 86,
  "fields": {
    "action_time": "2024-09-24T12:04:48.935Z",
    "user": [
      "admin"
    ],
    "content_type": [
      "plan_visual_django",
      "plotablestyle"
    ],
    "object_id": "8",
    "object_repr": "test-theme-01-test-theme-01-002-activities-02, fill:palette-for-theme-test-theme-01-var-02-03, line:palette-for-theme-test-theme-01-var-02-02",
    "action_flag": 3,
    "change_message": ""
  }
},
{
  "model": "admin.logentry",
  "pk": 87,
  "fields": {
    "action_time": "2024-09-24T12:04:48.935Z",
    "user": [
      "admin"
    ],
    "content_type": [
      "plan_visual_django",
      "plotablestyle"
    ],
    "object_id": "9",
    "object_repr": "test-theme-01-test-theme-01-003-activities-03, fill:palette-for-theme-test-theme-01-var-03-03, line:palette-for-theme-test-theme-01-var-03-02",
    "action_flag": 3,
    "change_message": ""
  }
},
{
  "model": "admin.logentry",
  "pk": 88,
  "fields": {
    "action_time": "2024-09-24T12:04:48.935Z",
    "user": [
      "admin"
    ],
    "content_type": [
      "plan_visual_django",
      "plotablestyle"
    ],
    "object_id": "10",
    "object_repr": "test-theme-01-test-theme-01-004-milestones-01, fill:palette-for-theme-test-theme-01-var-01-02, line:palette-for-theme-test-theme-01-var-01-01",
    "action_flag": 3,
    "change_message": ""
  }
},
{
  "model": "admin.logentry",
  "pk": 89,
  "fields": {
    "action_time": "2024-09-24T12:04:48.935Z",
    "user": [
      "admin"
    ],
    "content_type": [
      "plan_visual_django",
      "plotablestyle"
    ],
    "object_id": "11",
    "object_repr": "test-theme-01-test-theme-01-005-milestones-02, fill:palette-for-theme-test-theme-01-var-02-02, line:palette-for-theme-test-theme-01-var-02-01",
    "action_flag": 3,
    "change_message": ""
  }
},
{
  "model": "admin.logentry",
  "pk": 90,
  "fields": {
    "action_time": "2024-09-24T12:04:48.935Z",
    "user": [
      "admin"
    ],
    "content_type": [
      "plan_visual_django",
      "plotablestyle"
    ],
    "object_id": "12",
    "object_repr": "test-theme-01-test-theme-01-006-swimlanes-01, fill:palette-for-theme-test-theme-01-var-02-07, line:palette-for-theme-test-theme-01-var-02-06",
    "action_flag": 3,
    "change_message": ""
  }
},
{
  "model": "admin.logentry",
  "pk": 91,
  "fields": {
    "action_time": "2024-09-24T12:04:48.935Z",
    "user": [
      "admin"
    ],
    "content_type": [
      "plan_visual_django",
      "plotablestyle"
    ],
    "object_id": "13",
    "object_repr": "test-theme-01-test-theme-01-007-swimlanes-02, fill:palette-for-theme-test-theme-01-var-03-07, line:palette-for-theme-test-theme-01-var-03-06",
    "action_flag": 3,
    "change_message": ""
  }
},
{
  "model": "admin.logentry",
  "pk": 92,
  "fields": {
    "action_time": "2024-09-24T12:04:48.935Z",
    "user": [
      "admin"
    ],
    "content_type": [
      "plan_visual_django",
      "plotablestyle"
    ],
    "object_id": "14",
    "object_repr": "test-theme-01-test-theme-01-008-timelines-01, fill:palette-for-theme-test-theme-01-var-01-05, line:palette-for-theme-test-theme-01-var-01-04",
    "action_flag": 3,
    "change_message": ""
  }
},
{
  "model": "admin.logentry",
  "pk": 93,
  "fields": {
    "action_time": "2024-09-24T12:04:48.935Z",
    "user": [
      "admin"
    ],
    "content_type": [
      "plan_visual_django",
      "plotablestyle"
    ],
    "object_id": "15",
    "object_repr": "test-theme-01-test-theme-01-009-timelines-02, fill:palette-for-theme-test-theme-01-var-03-05, line:palette-for-theme-test-theme-01-var-02-04",
    "action_flag": 3,
    "change_message": ""
  }
},
{
  "model": "admin.logentry",
  "pk": 94,
  "fields": {
    "action_time": "2024-09-24T15:10:06.600Z",
    "user": [
      "admin"
    ],
    "content_type": [
      "plan_visual_django",
      "plotableshape"
    ],
    "object_id": "3",
    "object_repr": "BULLET",
    "action_flag": 1,
    "change_message": "[{\"added\": {}}]"
  }
},
{
  "model": "admin.logentry",
  "pk": 95,
  "fields": {
    "action_time": "2024-09-24T19:25:57.876Z",
    "user": [
      "admin"
    ],
    "content_type": [
      "plan_visual_django",
      "plotableshape"
    ],
    "object_id": "4",
    "object_repr": "ROUNDED_RECTANGLE",
    "action_flag": 1,
    "change_message": "[{\"added\": {}}]"
  }
},
{
  "model": "admin.logentry",
  "pk": 96,
  "fields": {
    "action_time": "2024-09-24T20:26:07.878Z",
    "user": [
      "admin"
    ],
    "content_type": [
      "plan_visual_django",
      "plotableshape"
    ],
    "object_id": "5",
    "object_repr": "ISOSCELES",
    "action_flag": 1,
    "change_message": "[{\"added\": {}}]"
  }
},
{
  "model": "admin.logentry",
  "pk": 97,
  "fields": {
    "action_time": "2024-09-29T15:29:07.456Z",
    "user": [
      "admin"
    ],
    "content_type": null,
    "object_id": "3",
    "object_repr": "duration:INT",
    "action_flag": 3,
    "change_message": ""
  }
},
{
  "model": "admin.logentry",
  "pk": 98,
  "fields": {
    "action_time": "2024-09-29T15:33:30.244Z",
    "user": [
      "admin"
    ],
    "content_type": null,
    "object_id": "8",
    "object_repr": "duration:INT",
    "action_flag": 1,
    "change_message": "[{\"added\": {}}]"
  }
},
{
  "model": "admin.logentry",
  "pk": 99,
  "fields": {
    "action_time": "2024-09-29T15:33:54.321Z",
    "user": [
      "admin"
    ],
    "content_type": null,
    "object_id": "8",
    "object_repr": "duration:INT",
    "action_flag": 2,
    "change_message": "[{\"changed\": {\"fields\": [\"Sort index\"]}}]"
  }
},
{
  "model": "admin.logentry",
  "pk": 100,
  "fields": {
    "action_time": "2024-09-29T15:39:13.043Z",
    "user": [
      "admin"
    ],
    "content_type": null,
    "object_id": "19",
    "object_repr": "Excel (SmartSheetDefault):duration:INT -> Duration:STR",
    "action_flag": 1,
    "change_message": "[{\"added\": {}}]"
  }
},
{
  "model": "admin.logentry",
  "pk": 101,
  "fields": {
    "action_time": "2024-09-29T15:44:37.728Z",
    "user": [
      "admin"
    ],
    "content_type": null,
    "object_id": "20",
    "object_repr": "Excel (MS Project Default):duration:INT -> Duration:STR_nnd",
    "action_flag": 1,
    "change_message": "[{\"added\": {}}]"
  }
},
{
  "model": "admin.logentry",
  "pk": 102,
  "fields": {
    "action_time": "2024-09-30T10:13:07.329Z",
    "user": [
      "admin"
    ],
    "content_type": null,
    "object_id": "19",
    "object_repr": "Excel (SmartSheetDefault):duration:INT -> Duration:STR_nnd",
    "action_flag": 2,
    "change_message": "[{\"changed\": {\"fields\": [\"Input field type\"]}}]"
  }
},
{
  "model": "admin.logentry",
  "pk": 103,
  "fields": {
    "action_time": "2024-09-30T10:15:40.717Z",
    "user": [
      "admin"
    ],
    "content_type": null,
    "object_id": "20",
    "object_repr": "Excel (MS Project Default):duration:INT -> Duration:STR_duration_msp",
    "action_flag": 2,
    "change_message": "[{\"changed\": {\"fields\": [\"Input field type\"]}}]"
  }
},
{
  "model": "admin.logentry",
  "pk": 104,
  "fields": {
    "action_time": "2024-09-30T10:34:29.948Z",
    "user": [
      "admin"
    ],
    "content_type": [
      "plan_visual_django",
      "plan"
    ],
    "object_id": "20",
    "object_repr": "New-FS-01(NewFSProduct-PlanForPlan.xlsx:Excel (modern) MSP Export)",
    "action_flag": 3,
    "change_message": ""
  }
},
{
  "model": "admin.logentry",
  "pk": 105,
  "fields": {
    "action_time": "2024-09-30T13:15:02.051Z",
    "user": [
      "admin"
    ],
    "content_type": null,
    "object_id": "1",
    "object_repr": "Excel (SmartSheetDefault):STICKY_UID -> Unique Sticky ID:STR",
    "action_flag": 2,
    "change_message": "[{\"changed\": {\"fields\": [\"Mapped field\"]}}]"
  }
},
{
  "model": "admin.logentry",
  "pk": 106,
  "fields": {
    "action_time": "2024-09-30T13:16:55.186Z",
    "user": [
      "admin"
    ],
    "content_type": null,
    "object_id": "2",
    "object_repr": "Excel (SmartSheetDefault):NAME -> Task Name:STR",
    "action_flag": 2,
    "change_message": "[{\"changed\": {\"fields\": [\"Mapped field\"]}}]"
  }
},
{
  "model": "admin.logentry",
  "pk": 107,
  "fields": {
    "action_time": "2024-09-30T13:42:37.298Z",
    "user": [
      "admin"
    ],
    "content_type": null,
    "object_id": "4",
    "object_repr": "Excel (SmartSheetDefault):START -> Start:DATE",
    "action_flag": 2,
    "change_message": "[{\"changed\": {\"fields\": [\"Mapped field\"]}}]"
  }
},
{
  "model": "admin.logentry",
  "pk": 108,
  "fields": {
    "action_time": "2024-09-30T13:42:45.098Z",
    "user": [
      "admin"
    ],
    "content_type": null,
    "object_id": "5",
    "object_repr": "Excel (SmartSheetDefault):END -> Finish:DATE",
    "action_flag": 2,
    "change_message": "[{\"changed\": {\"fields\": [\"Mapped field\"]}}]"
  }
},
{
  "model": "admin.logentry",
  "pk": 109,
  "fields": {
    "action_time": "2024-09-30T13:42:51.761Z",
    "user": [
      "admin"
    ],
    "content_type": null,
    "object_id": "6",
    "object_repr": "Excel (SmartSheetDefault):LEVEL -> Level #:INT",
    "action_flag": 2,
    "change_message": "[{\"changed\": {\"fields\": [\"Mapped field\"]}}]"
  }
},
{
  "model": "admin.logentry",
  "pk": 110,
  "fields": {
    "action_time": "2024-09-30T13:42:57.416Z",
    "user": [
      "admin"
    ],
    "content_type": null,
    "object_id": "19",
    "object_repr": "Excel (SmartSheetDefault):DURATION -> Duration:STR_nnd",
    "action_flag": 2,
    "change_message": "[{\"changed\": {\"fields\": [\"Mapped field\"]}}]"
  }
},
{
  "model": "admin.logentry",
  "pk": 111,
  "fields": {
    "action_time": "2024-09-30T13:43:06.173Z",
    "user": [
      "admin"
    ],
    "content_type": null,
    "object_id": "7",
    "object_repr": "Excel (MS Project Default):STICKY_UID -> ID:STR",
    "action_flag": 2,
    "change_message": "[{\"changed\": {\"fields\": [\"Mapped field\"]}}]"
  }
},
{
  "model": "admin.logentry",
  "pk": 112,
  "fields": {
    "action_time": "2024-09-30T13:43:12.690Z",
    "user": [
      "admin"
    ],
    "content_type": null,
    "object_id": "8",
    "object_repr": "Excel (MS Project Default):NAME -> Task_Name:STR",
    "action_flag": 2,
    "change_message": "[{\"changed\": {\"fields\": [\"Mapped field\"]}}]"
  }
},
{
  "model": "admin.logentry",
  "pk": 113,
  "fields": {
    "action_time": "2024-09-30T13:43:19.086Z",
    "user": [
      "admin"
    ],
    "content_type": null,
    "object_id": "10",
    "object_repr": "Excel (MS Project Default):START -> Start_Date:STR_DATE_DMY_02",
    "action_flag": 2,
    "change_message": "[{\"changed\": {\"fields\": [\"Mapped field\"]}}]"
  }
},
{
  "model": "admin.logentry",
  "pk": 114,
  "fields": {
    "action_time": "2024-09-30T13:43:25.154Z",
    "user": [
      "admin"
    ],
    "content_type": null,
    "object_id": "11",
    "object_repr": "Excel (MS Project Default):END -> Finish_Date:STR_DATE_DMY_02",
    "action_flag": 2,
    "change_message": "[{\"changed\": {\"fields\": [\"Mapped field\"]}}]"
  }
},
{
  "model": "admin.logentry",
  "pk": 115,
  "fields": {
    "action_time": "2024-09-30T13:43:32.008Z",
    "user": [
      "admin"
    ],
    "content_type": null,
    "object_id": "12",
    "object_repr": "Excel (MS Project Default):LEVEL -> Outline_Level:STR",
    "action_flag": 2,
    "change_message": "[{\"changed\": {\"fields\": [\"Mapped field\"]}}]"
  }
},
{
  "model": "admin.logentry",
  "pk": 116,
  "fields": {
    "action_time": "2024-09-30T13:43:38.478Z",
    "user": [
      "admin"
    ],
    "content_type": null,
    "object_id": "20",
    "object_repr": "Excel (MS Project Default):DURATION -> Duration:STR_duration_msp",
    "action_flag": 2,
    "change_message": "[{\"changed\": {\"fields\": [\"Mapped field\"]}}]"
  }
},
{
  "model": "admin.logentry",
  "pk": 117,
  "fields": {
    "action_time": "2024-09-30T13:43:46.134Z",
    "user": [
      "admin"
    ],
    "content_type": null,
    "object_id": "13",
    "object_repr": "Excel (MS Project Duration Int):STICKY_UID -> ID:INT",
    "action_flag": 2,
    "change_message": "[{\"changed\": {\"fields\": [\"Mapped field\"]}}]"
  }
},
{
  "model": "admin.logentry",
  "pk": 118,
  "fields": {
    "action_time": "2024-09-30T13:43:56.239Z",
    "user": [
      "admin"
    ],
    "content_type": null,
    "object_id": "14",
    "object_repr": "Excel (MS Project Duration Int):NAME -> Task_Name:STR",
    "action_flag": 2,
    "change_message": "[{\"changed\": {\"fields\": [\"Mapped field\"]}}]"
  }
},
{
  "model": "admin.logentry",
  "pk": 119,
  "fields": {
    "action_time": "2024-09-30T13:44:01.626Z",
    "user": [
      "admin"
    ],
    "content_type": null,
    "object_id": "16",
    "object_repr": "Excel (MS Project Duration Int):START -> Start_Date:DATE",
    "action_flag": 2,
    "change_message": "[{\"changed\": {\"fields\": [\"Mapped field\"]}}]"
  }
},
{
  "model": "admin.logentry",
  "pk": 120,
  "fields": {
    "action_time": "2024-09-30T13:44:07.472Z",
    "user": [
      "admin"
    ],
    "content_type": null,
    "object_id": "18",
    "object_repr": "Excel (MS Project Duration Int):END -> Finish_Date:DATE",
    "action_flag": 2,
    "change_message": "[{\"changed\": {\"fields\": [\"Mapped field\"]}}]"
  }
},
{
  "model": "admin.logentry",
  "pk": 121,
  "fields": {
    "action_time": "2024-09-30T13:44:13.824Z",
    "user": [
      "admin"
    ],
    "content_type": null,
    "object_id": "17",
    "object_repr": "Excel (MS Project Duration Int):LEVEL -> Outline_Level:INT",
    "action_flag": 2,
    "change_message": "[{\"changed\": {\"fields\": [\"Mapped field\"]}}]"
  }
},
{
  "model": "admin.logentry",
  "pk": 122,
  "fields": {
    "action_time": "2024-10-01T13:50:37.828Z",
    "user": [
      "admin"
    ],
    "content_type": null,
    "object_id": "21",
    "object_repr": "Excel (MS Project Duration Int):DURATION -> Duration:INT",
    "action_flag": 1,
    "change_message": "[{\"added\": {}}]"
  }
},
{
  "model": "admin.logentry",
  "pk": 123,
  "fields": {
    "action_time": "2024-10-04T16:18:54.310Z",
    "user": [
      "admin"
    ],
    "content_type": null,
    "object_id": "3",
    "object_repr": "excel-01-msp-export-default-01",
    "action_flag": 2,
    "change_message": "[{\"changed\": {\"fields\": [\"File type name\"]}}]"
  }
},
{
  "model": "admin.logentry",
  "pk": 124,
  "fields": {
    "action_time": "2024-10-04T16:20:01.278Z",
    "user": [
      "admin"
    ],
    "content_type": [
      "plan_visual_django",
      "plan"
    ],
    "object_id": "21",
    "object_repr": "New-FS-01(NewFSProduct-PlanForPlan.xlsx:excel-01-msp-export-default-01)",
    "action_flag": 2,
    "change_message": "[{\"changed\": {\"fields\": [\"File type name\"]}}]"
  }
},
{
  "model": "admin.logentry",
  "pk": 125,
  "fields": {
    "action_time": "2024-10-04T16:20:09.019Z",
    "user": [
      "admin"
    ],
    "content_type": [
      "plan_visual_django",
      "plan"
    ],
    "object_id": "18",
    "object_repr": "Plan(PV-Test-02.xlsx:excel-02-smartsheet-export-01)",
    "action_flag": 2,
    "change_message": "[{\"changed\": {\"fields\": [\"File type name\"]}}]"
  }
},
{
  "model": "admin.logentry",
  "pk": 126,
  "fields": {
    "action_time": "2024-10-14T18:14:30.059Z",
    "user": [
      "admin"
    ],
    "content_type": [
      "plan_visual_django",
      "timelineforvisual"
    ],
    "object_id": "17",
    "object_repr": "TimelineForVisual object (17)",
    "action_flag": 2,
    "change_message": "[{\"changed\": {\"fields\": [\"Enabled\"]}}]"
  }
},
{
  "model": "admin.logentry",
  "pk": 127,
  "fields": {
    "action_time": "2024-11-06T08:11:46.965Z",
    "user": [
      "admin"
    ],
    "content_type": [
      "auth",
      "user"
    ],
    "object_id": "4",
    "object_repr": "app_user_02",
    "action_flag": 1,
    "change_message": "[{\"added\": {}}]"
  }
},
{
  "model": "admin.logentry",
  "pk": 128,
  "fields": {
    "action_time": "2024-11-06T08:12:13.111Z",
    "user": [
      "admin"
    ],
    "content_type": [
      "auth",
      "user"
    ],
    "object_id": "4",
    "object_repr": "app_user_02",
    "action_flag": 2,
    "change_message": "[{\"changed\": {\"fields\": [\"First name\", \"Last name\", \"Email address\"]}}]"
  }
}
]
