[
  {
    "model": "plan_visual_django.plan",
    "pk": 2,
    "fields": {
      "user": 7,
      "plan_name": "Plan 1",
      "file_name": "SmartSheetVisualProject-01-3.xlsx",
      "file": "plan_files/SmartSheetVisualProject-01-3_XzjZ4ZL.xlsx",
      "file_type_name": "excel-02-smartsheet-export-01"
    }
  },
  {
    "model": "plan_visual_django.planactivity",
    "pk": 472,
    "fields": {
      "plan": 2,
      "unique_sticky_activity_id": "ID-001",
      "activity_name": "Activity 1",
      "milestone_flag": false,
      "start_date": "2023-09-01",
      "end_date": "2023-10-26",
      "level": 1
    }
  },
  {
    "model": "plan_visual_django.planactivity",
    "pk": 473,
    "fields": {
      "plan": 2,
      "unique_sticky_activity_id": "ID-002",
      "activity_name": "Activity 2",
      "milestone_flag": false,
      "start_date": "2023-09-01",
      "end_date": "2023-09-14",
      "level": 2
    }
  },
  {
    "model": "plan_visual_django.planactivity",
    "pk": 474,
    "fields": {
      "plan": 2,
      "unique_sticky_activity_id": "ID-003",
      "activity_name": "Activity 3",
      "milestone_flag": false,
      "start_date": "2023-09-15",
      "end_date": "2023-10-12",
      "level": 2
    }
  },
  {
    "model": "plan_visual_django.planactivity",
    "pk": 475,
    "fields": {
      "plan": 2,
      "unique_sticky_activity_id": "ID-004",
      "activity_name": "Activity 4",
      "milestone_flag": false,
      "start_date": "2023-10-13",
      "end_date": "2023-10-26",
      "level": 2
    }
  },
  {
    "model": "plan_visual_django.planactivity",
    "pk": 476,
    "fields": {
      "plan": 2,
      "unique_sticky_activity_id": "ID-005",
      "activity_name": "Milestone 2",
      "milestone_flag": true,
      "start_date": "2023-10-26",
      "end_date": "2023-10-26",
      "level": 2
    }
  },
  {
    "model": "plan_visual_django.planactivity",
    "pk": 477,
    "fields": {
      "plan": 2,
      "unique_sticky_activity_id": "ID-006",
      "activity_name": "Activity 6",
      "milestone_flag": false,
      "start_date": "2023-10-27",
      "end_date": "2023-10-30",
      "level": 1
    }
  },
  {
    "model": "plan_visual_django.planactivity",
    "pk": 478,
    "fields": {
      "plan": 2,
      "unique_sticky_activity_id": "ID-007",
      "activity_name": "Activity 7",
      "milestone_flag": false,
      "start_date": "2023-10-27",
      "end_date": "2023-10-27",
      "level": 2
    }
  },
  {
    "model": "plan_visual_django.planactivity",
    "pk": 479,
    "fields": {
      "plan": 2,
      "unique_sticky_activity_id": "ID-008",
      "activity_name": "Activity 8",
      "milestone_flag": false,
      "start_date": "2023-10-30",
      "end_date": "2023-10-30",
      "level": 2
    }
  },
  {
    "model": "plan_visual_django.planactivity",
    "pk": 480,
    "fields": {
      "plan": 2,
      "unique_sticky_activity_id": "ID-009",
      "activity_name": "Milestone 3",
      "milestone_flag": true,
      "start_date": "2023-10-30",
      "end_date": "2023-10-30",
      "level": 2
    }
  },
  {
    "model": "plan_visual_django.planactivity",
    "pk": 481,
    "fields": {
      "plan": 2,
      "unique_sticky_activity_id": "ID-010",
      "activity_name": "Activity 10",
      "milestone_flag": false,
      "start_date": "2023-10-30",
      "end_date": "2024-04-24",
      "level": 1
    }
  },
  {
    "model": "plan_visual_django.planactivity",
    "pk": 482,
    "fields": {
      "plan": 2,
      "unique_sticky_activity_id": "ID-011",
      "activity_name": "Activity 11",
      "milestone_flag": false,
      "start_date": "2023-10-30",
      "end_date": "2023-11-01",
      "level": 2
    }
  },
  {
    "model": "plan_visual_django.planactivity",
    "pk": 483,
    "fields": {
      "plan": 2,
      "unique_sticky_activity_id": "ID-012",
      "activity_name": "Activity 12",
      "milestone_flag": false,
      "start_date": "2023-11-02",
      "end_date": "2023-11-08",
      "level": 2
    }
  },
  {
    "model": "plan_visual_django.planactivity",
    "pk": 484,
    "fields": {
      "plan": 2,
      "unique_sticky_activity_id": "ID-013",
      "activity_name": "Activity 13",
      "milestone_flag": false,
      "start_date": "2023-11-09",
      "end_date": "2023-11-22",
      "level": 2
    }
  },
  {
    "model": "plan_visual_django.planactivity",
    "pk": 485,
    "fields": {
      "plan": 2,
      "unique_sticky_activity_id": "ID-014",
      "activity_name": "Activity 14",
      "milestone_flag": false,
      "start_date": "2023-11-02",
      "end_date": "2023-11-22",
      "level": 2
    }
  },
  {
    "model": "plan_visual_django.planactivity",
    "pk": 486,
    "fields": {
      "plan": 2,
      "unique_sticky_activity_id": "ID-015",
      "activity_name": "Milestone 4",
      "milestone_flag": true,
      "start_date": "2023-11-22",
      "end_date": "2023-11-22",
      "level": 2
    }
  },
  {
    "model": "plan_visual_django.planactivity",
    "pk": 487,
    "fields": {
      "plan": 2,
      "unique_sticky_activity_id": "ID-016",
      "activity_name": "Activity 16",
      "milestone_flag": false,
      "start_date": "2023-11-23",
      "end_date": "2024-03-27",
      "level": 2
    }
  },
  {
    "model": "plan_visual_django.planactivity",
    "pk": 488,
    "fields": {
      "plan": 2,
      "unique_sticky_activity_id": "ID-017",
      "activity_name": "Activity 17",
      "milestone_flag": false,
      "start_date": "2023-11-23",
      "end_date": "2023-12-20",
      "level": 3
    }
  },
  {
    "model": "plan_visual_django.planactivity",
    "pk": 489,
    "fields": {
      "plan": 2,
      "unique_sticky_activity_id": "ID-018",
      "activity_name": "Activity 18",
      "milestone_flag": false,
      "start_date": "2023-11-23",
      "end_date": "2024-01-17",
      "level": 3
    }
  },
  {
    "model": "plan_visual_django.planactivity",
    "pk": 490,
    "fields": {
      "plan": 2,
      "unique_sticky_activity_id": "ID-019",
      "activity_name": "Activity 19",
      "milestone_flag": false,
      "start_date": "2023-11-23",
      "end_date": "2023-11-29",
      "level": 4
    }
  },
  {
    "model": "plan_visual_django.planactivity",
    "pk": 491,
    "fields": {
      "plan": 2,
      "unique_sticky_activity_id": "ID-020",
      "activity_name": "Milestone 5",
      "milestone_flag": true,
      "start_date": "2023-11-29",
      "end_date": "2023-11-29",
      "level": 4
    }
  },
  {
    "model": "plan_visual_django.planactivity",
    "pk": 492,
    "fields": {
      "plan": 2,
      "unique_sticky_activity_id": "ID-021",
      "activity_name": "Activity 21",
      "milestone_flag": false,
      "start_date": "2023-11-23",
      "end_date": "2024-01-17",
      "level": 4
    }
  },
  {
    "model": "plan_visual_django.planactivity",
    "pk": 493,
    "fields": {
      "plan": 2,
      "unique_sticky_activity_id": "ID-022",
      "activity_name": "Activity 22",
      "milestone_flag": false,
      "start_date": "2024-01-18",
      "end_date": "2024-03-27",
      "level": 3
    }
  },
  {
    "model": "plan_visual_django.planactivity",
    "pk": 494,
    "fields": {
      "plan": 2,
      "unique_sticky_activity_id": "ID-023",
      "activity_name": "Activity 23",
      "milestone_flag": false,
      "start_date": "2024-03-28",
      "end_date": "2024-04-24",
      "level": 2
    }
  },
  {
    "model": "plan_visual_django.planactivity",
    "pk": 495,
    "fields": {
      "plan": 2,
      "unique_sticky_activity_id": "ID-024",
      "activity_name": "Activity 24",
      "milestone_flag": false,
      "start_date": "2024-01-18",
      "end_date": "2024-01-31",
      "level": 2
    }
  },
  {
    "model": "plan_visual_django.planactivity",
    "pk": 496,
    "fields": {
      "plan": 2,
      "unique_sticky_activity_id": "ID-025",
      "activity_name": "Milestone 6",
      "milestone_flag": true,
      "start_date": "2024-01-31",
      "end_date": "2024-01-31",
      "level": 2
    }
  },
  {
  "model": "plan_visual_django.planactivity",
  "pk": 471,
  "fields": {
    "plan": 2,
    "unique_sticky_activity_id": "ID-026",
    "activity_name": "Project Start",
    "milestone_flag": true,
    "start_date": "2023-09-01",
    "end_date": "2023-09-01",
    "level": 1
  }
  },
  {
    "model": "plan_visual_django.color",
    "pk": 121,
    "fields": {
      "user": 1,
      "name": "[01]Green-vlight",
      "red": 218,
      "green": 242,
      "blue": 208,
      "alpha": 1.0
    }
  },
  {
    "model": "plan_visual_django.color",
    "pk": 122,
    "fields": {
      "user": 1,
      "name": "[02]Green-light",
      "red": 181,
      "green": 230,
      "blue": 162,
      "alpha": 1.0
    }
  },
  {
    "model": "plan_visual_django.color",
    "pk": 123,
    "fields": {
      "user": 1,
      "name": "[03]Green",
      "red": 142,
      "green": 217,
      "blue": 115,
      "alpha": 1.0
    }
  },
  {
    "model": "plan_visual_django.color",
    "pk": 124,
    "fields": {
      "user": 1,
      "name": "[04]Green-dark",
      "red": 78,
      "green": 167,
      "blue": 46,
      "alpha": 1.0
    }
  },
  {
    "model": "plan_visual_django.color",
    "pk": 125,
    "fields": {
      "user": 1,
      "name": "[05]Green-vdark",
      "red": 60,
      "green": 125,
      "blue": 34,
      "alpha": 1.0
    }
  },
  {
    "model": "plan_visual_django.color",
    "pk": 126,
    "fields": {
      "user": 1,
      "name": "[06]Blue-vlight",
      "red": 218,
      "green": 233,
      "blue": 248,
      "alpha": 1.0
    }
  },
  {
    "model": "plan_visual_django.color",
    "pk": 127,
    "fields": {
      "user": 1,
      "name": "[07]Blue-light",
      "red": 166,
      "green": 201,
      "blue": 236,
      "alpha": 1.0
    }
  },
  {
    "model": "plan_visual_django.color",
    "pk": 128,
    "fields": {
      "user": 1,
      "name": "[08]Blue",
      "red": 64,
      "green": 65,
      "blue": 66,
      "alpha": 1.0
    }
  },
  {
    "model": "plan_visual_django.color",
    "pk": 129,
    "fields": {
      "user": 1,
      "name": "[09]Blue-dark",
      "red": 0,
      "green": 112,
      "blue": 192,
      "alpha": 1.0
    }
  },
  {
    "model": "plan_visual_django.color",
    "pk": 130,
    "fields": {
      "user": 1,
      "name": "[10]Blue-vdark",
      "red": 21,
      "green": 61,
      "blue": 100,
      "alpha": 1.0
    }
  },
  {
    "model": "plan_visual_django.color",
    "pk": 131,
    "fields": {
      "user": 1,
      "name": "[11]Amber-vlight",
      "red": 251,
      "green": 226,
      "blue": 213,
      "alpha": 1.0
    }
  },
  {
    "model": "plan_visual_django.color",
    "pk": 132,
    "fields": {
      "user": 1,
      "name": "[12]Amber-light",
      "red": 247,
      "green": 199,
      "blue": 172,
      "alpha": 1.0
    }
  },
  {
    "model": "plan_visual_django.color",
    "pk": 133,
    "fields": {
      "user": 1,
      "name": "[13]Amber",
      "red": 241,
      "green": 169,
      "blue": 131,
      "alpha": 1.0
    }
  },
  {
    "model": "plan_visual_django.color",
    "pk": 134,
    "fields": {
      "user": 1,
      "name": "[14]Amber-dark",
      "red": 99,
      "green": 100,
      "blue": 101,
      "alpha": 1.0
    }
  },
  {
    "model": "plan_visual_django.color",
    "pk": 135,
    "fields": {
      "user": 1,
      "name": "[15]Amber-vdark",
      "red": 126,
      "green": 53,
      "blue": 14,
      "alpha": 1.0
    }
  },
  {
    "model": "plan_visual_django.color",
    "pk": 136,
    "fields": {
      "user": 1,
      "name": "[16]Red-vlight",
      "red": 255,
      "green": 210,
      "blue": 211,
      "alpha": 1.0
    }
  },
  {
    "model": "plan_visual_django.color",
    "pk": 137,
    "fields": {
      "user": 1,
      "name": "[17]Red-light",
      "red": 255,
      "green": 182,
      "blue": 184,
      "alpha": 1.0
    }
  },
  {
    "model": "plan_visual_django.color",
    "pk": 138,
    "fields": {
      "user": 1,
      "name": "[18]Red",
      "red": 255,
      "green": 122,
      "blue": 126,
      "alpha": 1.0
    }
  },
  {
    "model": "plan_visual_django.color",
    "pk": 139,
    "fields": {
      "user": 1,
      "name": "[19]Red-dark",
      "red": 223,
      "green": 64,
      "blue": 70,
      "alpha": 1.0
    }
  },
  {
    "model": "plan_visual_django.color",
    "pk": 140,
    "fields": {
      "user": 1,
      "name": "[20]Red-vdark",
      "red": 189,
      "green": 38,
      "blue": 43,
      "alpha": 1.0
    }
  },
  {
    "model": "plan_visual_django.color",
    "pk": 141,
    "fields": {
      "user": 1,
      "name": "[21]Purple-vlight",
      "red": 242,
      "green": 206,
      "blue": 239,
      "alpha": 1.0
    }
  },
  {
    "model": "plan_visual_django.color",
    "pk": 142,
    "fields": {
      "user": 1,
      "name": "[22]Purple-light",
      "red": 228,
      "green": 158,
      "blue": 221,
      "alpha": 1.0
    }
  },
  {
    "model": "plan_visual_django.color",
    "pk": 143,
    "fields": {
      "user": 1,
      "name": "[23]Purple",
      "red": 216,
      "green": 109,
      "blue": 205,
      "alpha": 1.0
    }
  },
  {
    "model": "plan_visual_django.color",
    "pk": 144,
    "fields": {
      "user": 1,
      "name": "[24]Purple-dark",
      "red": 160,
      "green": 43,
      "blue": 147,
      "alpha": 1.0
    }
  },
  {
    "model": "plan_visual_django.color",
    "pk": 145,
    "fields": {
      "user": 1,
      "name": "[25]Purple-vdark",
      "red": 81,
      "green": 21,
      "blue": 74,
      "alpha": 1.0
    }
  },
  {
    "model": "plan_visual_django.color",
    "pk": 146,
    "fields": {
      "user": 1,
      "name": "[26]Yellow-vlight",
      "red": 255,
      "green": 255,
      "blue": 179,
      "alpha": 1.0
    }
  },
  {
    "model": "plan_visual_django.color",
    "pk": 147,
    "fields": {
      "user": 1,
      "name": "[27]Yellow-light",
      "red": 255,
      "green": 255,
      "blue": 0,
      "alpha": 1.0
    }
  },
  {
    "model": "plan_visual_django.color",
    "pk": 148,
    "fields": {
      "user": 1,
      "name": "[28]Yellow",
      "red": 243,
      "green": 243,
      "blue": 0,
      "alpha": 1.0
    }
  },
  {
    "model": "plan_visual_django.color",
    "pk": 149,
    "fields": {
      "user": 1,
      "name": "[29]Yellow-dark",
      "red": 226,
      "green": 226,
      "blue": 0,
      "alpha": 1.0
    }
  },
  {
    "model": "plan_visual_django.color",
    "pk": 150,
    "fields": {
      "user": 1,
      "name": "[30]Yellow-vdark",
      "red": 166,
      "green": 166,
      "blue": 0,
      "alpha": 1.0
    }
  },
  {
    "model": "plan_visual_django.color",
    "pk": 151,
    "fields": {
      "user": 1,
      "name": "[31]GrayScale-vlight",
      "red": 255,
      "green": 255,
      "blue": 255,
      "alpha": 1.0
    }
  },
  {
    "model": "plan_visual_django.color",
    "pk": 152,
    "fields": {
      "user": 1,
      "name": "[32]GrayScale-light",
      "red": 242,
      "green": 242,
      "blue": 242,
      "alpha": 1.0
    }
  },
  {
    "model": "plan_visual_django.color",
    "pk": 153,
    "fields": {
      "user": 1,
      "name": "[33]GrayScale",
      "red": 191,
      "green": 191,
      "blue": 191,
      "alpha": 1.0
    }
  },
  {
    "model": "plan_visual_django.color",
    "pk": 154,
    "fields": {
      "user": 1,
      "name": "[34]GrayScale-dark",
      "red": 128,
      "green": 128,
      "blue": 128,
      "alpha": 1.0
    }
  },
  {
    "model": "plan_visual_django.color",
    "pk": 155,
    "fields": {
      "user": 1,
      "name": "[35]GrayScale-vdark",
      "red": 0,
      "green": 0,
      "blue": 0,
      "alpha": 1.0
    }
  },
  {
    "model": "plan_visual_django.font",
    "pk": 1,
    "fields": {
      "font_name": "1"
    }
  },
  {
    "model": "plan_visual_django.plotablestyle",
    "pk": 100,
    "fields": {
      "user": 7,
      "style_name": "app_user_style_01",
      "fill_color": 133,
      "line_color": 134,
      "font_color": 155,
      "line_thickness": 1,
      "font": 1,
      "font_size": 10
    }
  },
  {
    "model": "plan_visual_django.plotablestyle",
    "pk": 101,
    "fields": {
      "user": 7,
      "style_name": "app_user_style_02",
      "fill_color": 133,
      "line_color": 134,
      "font_color": 155,
      "line_thickness": 1,
      "font": 1,
      "font_size": 10
    }
  },
  {
    "model": "plan_visual_django.plotablestyle",
    "pk": 102,
    "fields": {
      "user": 1,
      "style_name": "THEME-01-Activity-1",
      "fill_color": 133,
      "line_color": 134,
      "font_color": 155,
      "line_thickness": 1,
      "font": 1,
      "font_size": 10
    }
  },
  {
    "model": "plan_visual_django.plotablestyle",
    "pk": 103,
    "fields": {
      "user": 1,
      "style_name": "THEME-01-Activity-2",
      "fill_color": 134,
      "line_color": 135,
      "font_color": 134,
      "line_thickness": 1,
      "font": 1,
      "font_size": 10
    }
  },
  {
    "model": "plan_visual_django.plotablestyle",
    "pk": 104,
    "fields": {
      "user": 1,
      "style_name": "THEME-01-Activity-3",
      "fill_color": 128,
      "line_color": 129,
      "font_color": 155,
      "line_thickness": 1,
      "font": 1,
      "font_size": 10
    }
  },
  {
    "model": "plan_visual_django.plotablestyle",
    "pk": 105,
    "fields": {
      "user": 1,
      "style_name": "THEME-01-Milestone-1",
      "fill_color": 128,
      "line_color": 128,
      "font_color": 155,
      "line_thickness": 1,
      "font": 1,
      "font_size": 10
    }
  },
  {
    "model": "plan_visual_django.plotablestyle",
    "pk": 106,
    "fields": {
      "user": 1,
      "style_name": "THEME-01-Milestone-2",
      "fill_color": 139,
      "line_color": 139,
      "font_color": 155,
      "line_thickness": 1,
      "font": 1,
      "font_size": 10
    }
  },
  {
    "model": "plan_visual_django.plotablestyle",
    "pk": 107,
    "fields": {
      "user": 1,
      "style_name": "THEME-01-Milestone-3",
      "fill_color": 134,
      "line_color": 134,
      "font_color": 155,
      "line_thickness": 1,
      "font": 1,
      "font_size": 10
    }
  },
  {
    "model": "plan_visual_django.plotablestyle",
    "pk": 108,
    "fields": {
      "user": 1,
      "style_name": "THEME-01-SwimlaneEven-1",
      "fill_color": 151,
      "line_color": 152,
      "font_color": 155,
      "line_thickness": 1,
      "font": 1,
      "font_size": 10
    }
  },
  {
    "model": "plan_visual_django.plotablestyle",
    "pk": 109,
    "fields": {
      "user": 1,
      "style_name": "THEME-01-SwimlaneEven-2",
      "fill_color": 126,
      "line_color": 127,
      "font_color": 155,
      "line_thickness": 1,
      "font": 1,
      "font_size": 10
    }
  },
  {
    "model": "plan_visual_django.plotablestyle",
    "pk": 110,
    "fields": {
      "user": 1,
      "style_name": "THEME-01-SwimlaneOdd-1",
      "fill_color": 152,
      "line_color": 153,
      "font_color": 155,
      "line_thickness": 1,
      "font": 1,
      "font_size": 10
    }
  },
  {
    "model": "plan_visual_django.plotablestyle",
    "pk": 111,
    "fields": {
      "user": 1,
      "style_name": "THEME-01-SwimlaneOdd-2",
      "fill_color": 127,
      "line_color": 128,
      "font_color": 155,
      "line_thickness": 1,
      "font": 1,
      "font_size": 10
    }
  },
  {
    "model": "plan_visual_django.plotablestyle",
    "pk": 112,
    "fields": {
      "user": 1,
      "style_name": "THEME-01-TimelineLabelEven-1",
      "fill_color": 128,
      "line_color": 128,
      "font_color": 155,
      "line_thickness": 1,
      "font": 1,
      "font_size": 10
    }
  },
  {
    "model": "plan_visual_django.plotablestyle",
    "pk": 113,
    "fields": {
      "user": 1,
      "style_name": "THEME-01-TimelineLabelEven-2",
      "fill_color": 123,
      "line_color": 123,
      "font_color": 155,
      "line_thickness": 1,
      "font": 1,
      "font_size": 10
    }
  },
  {
    "model": "plan_visual_django.plotablestyle",
    "pk": 114,
    "fields": {
      "user": 1,
      "style_name": "THEME-01-TimelineLabelOdd-1",
      "fill_color": 127,
      "line_color": 127,
      "font_color": 155,
      "line_thickness": 1,
      "font": 1,
      "font_size": 10
    }
  },
  {
    "model": "plan_visual_django.plotablestyle",
    "pk": 115,
    "fields": {
      "user": 1,
      "style_name": "THEME-01-TimelineLabelOdd-2",
      "fill_color": 122,
      "line_color": 122,
      "font_color": 155,
      "line_thickness": 1,
      "font": 1,
      "font_size": 10
    }
  },
  {
    "model": "plan_visual_django.planvisual",
    "pk": 4,
    "fields": {
      "plan": 2,
      "name": "Visual 01:01",
      "width": 1000.0,
      "max_height": 600.0,
      "include_title": true,
      "track_height": 20.0,
      "track_gap": 4.0,
      "milestone_width": 10.0,
      "swimlane_gap": 5.0,
      "timeline_gap": 0,
      "timeline_to_swimlane_gap": 0,
      "default_milestone_shape": 2,
      "default_activity_shape": 1,
      "default_activity_plotable_style": 102,
      "default_milestone_plotable_style": 103,
      "default_swimlane_plotable_style": 104,
      "default_timeline_plotable_style_odd": 105
    }
  },
  {
    "model": "plan_visual_django.planvisual",
    "pk": 1,
    "fields": {
      "plan": 2,
      "name": "Visual 01:02",
      "width": 1000.0,
      "max_height": 600.0,
      "include_title": true,
      "track_height": 20.0,
      "track_gap": 4.0,
      "milestone_width": 10.0,
      "timeline_gap": 0,
      "timeline_to_swimlane_gap": 0,
      "swimlane_gap": 5.0,
      "default_milestone_shape": 2,
      "default_activity_shape": 1,
      "default_activity_plotable_style": 102,
      "default_milestone_plotable_style": 103,
      "default_swimlane_plotable_style": 104,
      "default_timeline_plotable_style_odd": 105
    }
  },
  {
    "model": "plan_visual_django.swimlaneforvisual",
    "pk": 4,
    "fields": {
      "plan_visual": 4,
      "swim_lane_name": "Visual 01:01, Swimlane 1",
      "plotable_style": 103,
      "sequence_number": 1
    }
  },
  {
    "model": "plan_visual_django.swimlaneforvisual",
    "pk": 5,
    "fields": {
      "plan_visual": 4,
      "swim_lane_name": "Visual 01:01, Swimlane 2",
      "plotable_style": 103,
      "sequence_number": 2
    }
  },
  {
    "model": "plan_visual_django.swimlaneforvisual",
    "pk": 6,
    "fields": {
      "plan_visual": 4,
      "swim_lane_name": "Visual 01:01, Swimlane 3 (dummy, no activities)",
      "plotable_style": 103,
      "sequence_number": 3
    }
  },
  {
    "model": "plan_visual_django.swimlaneforvisual",
    "pk": 100,
    "fields": {
      "plan_visual": 1,
      "swim_lane_name": "Visual 01:02, Swimlane 1",
      "plotable_style": 102,
      "sequence_number": 2
    }
  },
  {
    "model": "plan_visual_django.timelineforvisual",
    "pk": 4,
    "fields": {
      "plan_visual": 4,
      "timeline_type":"MONTHS",
      "timeline_name": "Timeline 1",
      "timeline_height": 25,
      "plotable_style_odd": 103,
      "plotable_style_even": 103,
      "sequence_number": 1,
      "enabled": true
    }
  },
  {
    "model": "plan_visual_django.timelineforvisual",
    "pk": 5,
    "fields": {
      "plan_visual": 4,
      "timeline_type":"QUARTERS",
      "timeline_name": "Timeline 2",
      "timeline_height": 15,
      "plotable_style_odd": 103,
      "plotable_style_even": 103,
      "sequence_number": 2,
      "enabled": true
    }
  },
  {
    "model": "plan_visual_django.visualactivity",
    "pk": 1,
    "fields": {
      "visual": 4,
      "unique_id_from_plan": "ID-026",
      "enabled":  true,
      "swimlane": 4,
      "plotable_shape": "RECTANGLE",
      "vertical_positioning_value": 5,
      "height_in_tracks": 1,
      "text_horizontal_alignment":  "LEFT",
      "text_vertical_alignment": "MIDDLE",
      "text_flow": "LFLOW",
      "plotable_style": 105
    }
  },
  {
    "model": "plan_visual_django.visualactivity",
    "pk": 2,
    "fields": {
      "visual": 4,
      "unique_id_from_plan": "ID-025",
      "enabled":  true,
      "swimlane": 5,
      "plotable_shape": "RECTANGLE",
      "vertical_positioning_value": 1,
      "height_in_tracks": 1,
      "text_horizontal_alignment":  "LEFT",
      "text_vertical_alignment": "MIDDLE",
      "text_flow": "LFLOW",
      "plotable_style": 104
    }
  },
  {
    "model": "plan_visual_django.visualactivity",
    "pk": 3,
    "fields": {
      "visual": 4,
      "unique_id_from_plan": "ID-024",
      "enabled":  true,
      "swimlane": 5,
      "plotable_shape": "RECTANGLE",
      "vertical_positioning_value": 10,
      "height_in_tracks": 2,
      "text_horizontal_alignment":  "LEFT",
      "text_vertical_alignment": "MIDDLE",
      "text_flow": "LFLOW",
      "plotable_style": 104
    }
  },
  {
    "model": "plan_visual_django.visualactivity",
    "pk": 4,
    "fields": {
      "visual": 4,
      "unique_id_from_plan": "ID-001",
      "enabled":  false,
      "swimlane": 5,
      "plotable_shape": "RECTANGLE",
      "vertical_positioning_value": 9,
      "height_in_tracks": 1,
      "text_horizontal_alignment":  "LEFT",
      "text_vertical_alignment": "MIDDLE",
      "text_flow": "LFLOW",
      "plotable_style": 104
    }
  },
  {
    "model": "plan_visual_django.visualactivity",
    "pk": 100,
    "fields": {
      "visual": 1,
      "unique_id_from_plan": "ID-001",
      "enabled":  true,
      "swimlane": 100,
      "plotable_shape": "RECTANGLE",
      "vertical_positioning_value": 9,
      "height_in_tracks": 1,
      "text_horizontal_alignment":  "LEFT",
      "text_vertical_alignment": "MIDDLE",
      "text_flow": "LFLOW",
      "plotable_style": 104
    }
  }
]