[
  {
    "model": "plan_visual_django.planfield",
    "pk": 1,
    "fields": {
      "field_name": "unique_sticky_activity_id",
      "field_type": "STR",
      "field_description": "xxx",
      "required_flag": true,
      "sort_index": 100
    }
  },
  {
    "model": "plan_visual_django.planfield",
    "pk": 2,
    "fields": {
      "field_name": "activity_name",
      "field_type": "STR",
      "field_description": "The name of the activity which will be displayed on the visual.",
      "required_flag": true,
      "sort_index": 200
    }
  },
  {
    "model": "plan_visual_django.planfield",
    "pk": 3,
    "fields": {
      "field_name": "duration",
      "field_type": "INT",
      "field_description": "Number of days duration for the activity.  Zero means that the activity is a milestone.",
      "required_flag": true,
      "sort_index": 300
    }
  },
  {
    "model": "plan_visual_django.planfield",
    "pk": 4,
    "fields": {
      "field_name": "start_date",
      "field_type": "DATE",
      "field_description": "The start date of the activity (date only, no time element).",
      "required_flag": true,
      "sort_index": 400
    }
  },
  {
    "model": "plan_visual_django.planfield",
    "pk": 5,
    "fields": {
      "field_name": "end_date",
      "field_type": "DATE",
      "field_description": "End date of activity.",
      "required_flag": true,
      "sort_index": 500
    }
  },
  {
    "model": "plan_visual_django.planfield",
    "pk": 6,
    "fields": {
      "field_name": "level",
      "field_type": "INT",
      "field_description": "Level of this activity - to help construct the hierarchy within the plan which will then drive option in the visualisation functionality.",
      "required_flag": false,
      "sort_index": 600
    }
  },
  {
    "model": "plan_visual_django.planfield",
    "pk": 7,
    "fields": {
      "field_name": "milestone_flag",
      "field_type": "BOOL",
      "field_description": "Not required in input file, is derived from duration and is True if duration is zero.",
      "required_flag": false,
      "sort_index": 250
    }
  },
  {
    "model": "plan_visual_django.planfieldmappingtype",
    "pk": 1,
    "fields": {
      "name": "Excel (SmartSheetDefault)",
      "description": "This represents the standard fields output from SmartSheet (but with the level formula added)"
    }
  },
  {
    "model": "plan_visual_django.planfieldmappingtype",
    "pk": 2,
    "fields": {
      "name": "Excel (MS Project Default)",
      "description": "MS Project standard export"
    }
  },
  {
    "model": "plan_visual_django.planfieldmappingtype",
    "pk": 3,
    "fields": {
      "name": "test",
      "description": "test"
    }
  },
  {
    "model": "plan_visual_django.planfieldmappingtype",
    "pk": 4,
    "fields": {
      "name": "test1",
      "description": "test1"
    }
  },
  {
    "model": "plan_visual_django.planmappedfield",
    "pk": 1,
    "fields": {
      "plan_field_mapping_type": 1,
      "mapped_field": 1,
      "input_field_name": "Unique Sticky ID",
      "input_field_type": "STR"
    }
  },
  {
    "model": "plan_visual_django.planmappedfield",
    "pk": 2,
    "fields": {
      "plan_field_mapping_type": 1,
      "mapped_field": 2,
      "input_field_name": "Name",
      "input_field_type": "STR"
    }
  },
  {
    "model": "plan_visual_django.planmappedfield",
    "pk": 3,
    "fields": {
      "plan_field_mapping_type": 1,
      "mapped_field": 3,
      "input_field_name": "Duration",
      "input_field_type": "STR_nnd"
    }
  },
  {
    "model": "plan_visual_django.planmappedfield",
    "pk": 4,
    "fields": {
      "plan_field_mapping_type": 1,
      "mapped_field": 4,
      "input_field_name": "Start",
      "input_field_type": "DATE"
    }
  },
  {
    "model": "plan_visual_django.planmappedfield",
    "pk": 5,
    "fields": {
      "plan_field_mapping_type": 1,
      "mapped_field": 5,
      "input_field_name": "Finish",
      "input_field_type": "DATE"
    }
  },
  {
    "model": "plan_visual_django.planmappedfield",
    "pk": 6,
    "fields": {
      "plan_field_mapping_type": 1,
      "mapped_field": 6,
      "input_field_name": "Level #",
      "input_field_type": "INT"
    }
  },
  {
    "model": "plan_visual_django.planmappedfield",
    "pk": 7,
    "fields": {
      "plan_field_mapping_type": 2,
      "mapped_field": 1,
      "input_field_name": "ID",
      "input_field_type": "STR"
    }
  },
  {
    "model": "plan_visual_django.planmappedfield",
    "pk": 8,
    "fields": {
      "plan_field_mapping_type": 2,
      "mapped_field": 2,
      "input_field_name": "Name",
      "input_field_type": "STR"
    }
  },
  {
    "model": "plan_visual_django.planmappedfield",
    "pk": 13,
    "fields": {
      "plan_field_mapping_type": 2,
      "mapped_field": 7,
      "input_field_name": "Milestone",
      "input_field_type": "STR_MSTONE_YES_NO"
    }
  },
  {
    "model": "plan_visual_django.planmappedfield",
    "pk": 9,
    "fields": {
      "plan_field_mapping_type": 2,
      "mapped_field": 3,
      "input_field_name": "Duration",
      "input_field_type": "STR_duration_msp"
    }
  },
  {
    "model": "plan_visual_django.planmappedfield",
    "pk": 10,
    "fields": {
      "plan_field_mapping_type": 2,
      "mapped_field": 4,
      "input_field_name": "Start_Date",
      "input_field_type": "STR_DATE_DMY_02"
    }
  },
  {
    "model": "plan_visual_django.planmappedfield",
    "pk": 11,
    "fields": {
      "plan_field_mapping_type": 2,
      "mapped_field": 5,
      "input_field_name": "Finish_Date",
      "input_field_type": "STR_DATE_DMY_02"
    }
  },
  {
    "model": "plan_visual_django.planmappedfield",
    "pk": 12,
    "fields": {
      "plan_field_mapping_type": 2,
      "mapped_field": 6,
      "input_field_name": "Outline_Level",
      "input_field_type": "STR"
    }
  },
  {
    "model": "plan_visual_django.filetype",
    "pk": 1,
    "fields": {
      "file_type_name": "Excel (modern) Smartsheet Export",
      "file_type_description": "Modern Excel Format",
      "plan_field_mapping_type": 1
    }
  },
  {
    "model": "plan_visual_django.filetype",
    "pk": 2,
    "fields": {
      "file_type_name": "Excel (modern) MSP Export",
      "file_type_description": "Project export format 01",
      "plan_field_mapping_type": 2
    }
  },
  {
    "model": "plan_visual_django.plan",
    "pk": 2,
    "fields": {
      "user": 7,
      "plan_name": "Plan 1",
      "file_name": "SmartSheetVisualProject-01-3.xlsx",
      "file": "plan_files/SmartSheetVisualProject-01-3_XzjZ4ZL.xlsx",
      "file_type": 1
    }
  },
  {
    "model": "plan_visual_django.planactivity",
    "pk": 472,
    "fields": {
      "plan": 2,
      "unique_sticky_activity_id": "ID-001",
      "activity_name": "Activity 1",
      "milestone_flag": false,
      "start_date": "2023-09-01",
      "end_date": "2023-10-26",
      "level": 1
    }
  },
  {
    "model": "plan_visual_django.planactivity",
    "pk": 473,
    "fields": {
      "plan": 2,
      "unique_sticky_activity_id": "ID-002",
      "activity_name": "Activity 2",
      "milestone_flag": false,
      "start_date": "2023-09-01",
      "end_date": "2023-09-14",
      "level": 2
    }
  },
  {
    "model": "plan_visual_django.planactivity",
    "pk": 474,
    "fields": {
      "plan": 2,
      "unique_sticky_activity_id": "ID-003",
      "activity_name": "Activity 3",
      "milestone_flag": false,
      "start_date": "2023-09-15",
      "end_date": "2023-10-12",
      "level": 2
    }
  },
  {
    "model": "plan_visual_django.planactivity",
    "pk": 475,
    "fields": {
      "plan": 2,
      "unique_sticky_activity_id": "ID-004",
      "activity_name": "Activity 4",
      "milestone_flag": false,
      "start_date": "2023-10-13",
      "end_date": "2023-10-26",
      "level": 2
    }
  },
  {
    "model": "plan_visual_django.planactivity",
    "pk": 476,
    "fields": {
      "plan": 2,
      "unique_sticky_activity_id": "ID-005",
      "activity_name": "Milestone 2",
      "milestone_flag": true,
      "start_date": "2023-10-26",
      "end_date": "2023-10-26",
      "level": 2
    }
  },
  {
    "model": "plan_visual_django.planactivity",
    "pk": 477,
    "fields": {
      "plan": 2,
      "unique_sticky_activity_id": "ID-006",
      "activity_name": "Activity 6",
      "milestone_flag": false,
      "start_date": "2023-10-27",
      "end_date": "2023-10-30",
      "level": 1
    }
  },
  {
    "model": "plan_visual_django.planactivity",
    "pk": 478,
    "fields": {
      "plan": 2,
      "unique_sticky_activity_id": "ID-007",
      "activity_name": "Activity 7",
      "milestone_flag": false,
      "start_date": "2023-10-27",
      "end_date": "2023-10-27",
      "level": 2
    }
  },
  {
    "model": "plan_visual_django.planactivity",
    "pk": 479,
    "fields": {
      "plan": 2,
      "unique_sticky_activity_id": "ID-008",
      "activity_name": "Activity 8",
      "milestone_flag": false,
      "start_date": "2023-10-30",
      "end_date": "2023-10-30",
      "level": 2
    }
  },
  {
    "model": "plan_visual_django.planactivity",
    "pk": 480,
    "fields": {
      "plan": 2,
      "unique_sticky_activity_id": "ID-009",
      "activity_name": "Milestone 3",
      "milestone_flag": true,
      "start_date": "2023-10-30",
      "end_date": "2023-10-30",
      "level": 2
    }
  },
  {
    "model": "plan_visual_django.planactivity",
    "pk": 481,
    "fields": {
      "plan": 2,
      "unique_sticky_activity_id": "ID-010",
      "activity_name": "Activity 10",
      "milestone_flag": false,
      "start_date": "2023-10-30",
      "end_date": "2024-04-24",
      "level": 1
    }
  },
  {
    "model": "plan_visual_django.planactivity",
    "pk": 482,
    "fields": {
      "plan": 2,
      "unique_sticky_activity_id": "ID-011",
      "activity_name": "Activity 11",
      "milestone_flag": false,
      "start_date": "2023-10-30",
      "end_date": "2023-11-01",
      "level": 2
    }
  },
  {
    "model": "plan_visual_django.planactivity",
    "pk": 483,
    "fields": {
      "plan": 2,
      "unique_sticky_activity_id": "ID-012",
      "activity_name": "Activity 12",
      "milestone_flag": false,
      "start_date": "2023-11-02",
      "end_date": "2023-11-08",
      "level": 2
    }
  },
  {
    "model": "plan_visual_django.planactivity",
    "pk": 484,
    "fields": {
      "plan": 2,
      "unique_sticky_activity_id": "ID-013",
      "activity_name": "Activity 13",
      "milestone_flag": false,
      "start_date": "2023-11-09",
      "end_date": "2023-11-22",
      "level": 2
    }
  },
  {
    "model": "plan_visual_django.planactivity",
    "pk": 485,
    "fields": {
      "plan": 2,
      "unique_sticky_activity_id": "ID-014",
      "activity_name": "Activity 14",
      "milestone_flag": false,
      "start_date": "2023-11-02",
      "end_date": "2023-11-22",
      "level": 2
    }
  },
  {
    "model": "plan_visual_django.planactivity",
    "pk": 486,
    "fields": {
      "plan": 2,
      "unique_sticky_activity_id": "ID-015",
      "activity_name": "Milestone 4",
      "milestone_flag": true,
      "start_date": "2023-11-22",
      "end_date": "2023-11-22",
      "level": 2
    }
  },
  {
    "model": "plan_visual_django.planactivity",
    "pk": 487,
    "fields": {
      "plan": 2,
      "unique_sticky_activity_id": "ID-016",
      "activity_name": "Activity 16",
      "milestone_flag": false,
      "start_date": "2023-11-23",
      "end_date": "2024-03-27",
      "level": 2
    }
  },
  {
    "model": "plan_visual_django.planactivity",
    "pk": 488,
    "fields": {
      "plan": 2,
      "unique_sticky_activity_id": "ID-017",
      "activity_name": "Activity 17",
      "milestone_flag": false,
      "start_date": "2023-11-23",
      "end_date": "2023-12-20",
      "level": 3
    }
  },
  {
    "model": "plan_visual_django.planactivity",
    "pk": 489,
    "fields": {
      "plan": 2,
      "unique_sticky_activity_id": "ID-018",
      "activity_name": "Activity 18",
      "milestone_flag": false,
      "start_date": "2023-11-23",
      "end_date": "2024-01-17",
      "level": 3
    }
  },
  {
    "model": "plan_visual_django.planactivity",
    "pk": 490,
    "fields": {
      "plan": 2,
      "unique_sticky_activity_id": "ID-019",
      "activity_name": "Activity 19",
      "milestone_flag": false,
      "start_date": "2023-11-23",
      "end_date": "2023-11-29",
      "level": 4
    }
  },
  {
    "model": "plan_visual_django.planactivity",
    "pk": 491,
    "fields": {
      "plan": 2,
      "unique_sticky_activity_id": "ID-020",
      "activity_name": "Milestone 5",
      "milestone_flag": true,
      "start_date": "2023-11-29",
      "end_date": "2023-11-29",
      "level": 4
    }
  },
  {
    "model": "plan_visual_django.planactivity",
    "pk": 492,
    "fields": {
      "plan": 2,
      "unique_sticky_activity_id": "ID-021",
      "activity_name": "Activity 21",
      "milestone_flag": false,
      "start_date": "2023-11-23",
      "end_date": "2024-01-17",
      "level": 4
    }
  },
  {
    "model": "plan_visual_django.planactivity",
    "pk": 493,
    "fields": {
      "plan": 2,
      "unique_sticky_activity_id": "ID-022",
      "activity_name": "Activity 22",
      "milestone_flag": false,
      "start_date": "2024-01-18",
      "end_date": "2024-03-27",
      "level": 3
    }
  },
  {
    "model": "plan_visual_django.planactivity",
    "pk": 494,
    "fields": {
      "plan": 2,
      "unique_sticky_activity_id": "ID-023",
      "activity_name": "Activity 23",
      "milestone_flag": false,
      "start_date": "2024-03-28",
      "end_date": "2024-04-24",
      "level": 2
    }
  },
  {
    "model": "plan_visual_django.planactivity",
    "pk": 495,
    "fields": {
      "plan": 2,
      "unique_sticky_activity_id": "ID-024",
      "activity_name": "Activity 24",
      "milestone_flag": false,
      "start_date": "2024-01-18",
      "end_date": "2024-01-31",
      "level": 2
    }
  },
  {
    "model": "plan_visual_django.planactivity",
    "pk": 496,
    "fields": {
      "plan": 2,
      "unique_sticky_activity_id": "ID-025",
      "activity_name": "Milestone 6",
      "milestone_flag": true,
      "start_date": "2024-01-31",
      "end_date": "2024-01-31",
      "level": 2
    }
  },
  {
  "model": "plan_visual_django.planactivity",
  "pk": 471,
  "fields": {
    "plan": 2,
    "unique_sticky_activity_id": "ID-026",
    "activity_name": "Project Start",
    "milestone_flag": true,
    "start_date": "2023-09-01",
    "end_date": "2023-09-01",
    "level": 1
  }
  },
  {
    "model": "plan_visual_django.color",
    "pk": 1,
    "fields": {
      "user": 1,
      "name": "[01]Red",
      "red": 240,
      "green": 65,
      "blue": 90,
      "alpha": 0.0
    }
  },
  {
    "model": "plan_visual_django.color",
    "pk": 2,
    "fields": {
      "user": 1,
      "name": "[02]Red-",
      "red": 215,
      "green": 51,
      "blue": 51,
      "alpha": 0.0
    }
  },
  {
    "model": "plan_visual_django.color",
    "pk": 3,
    "fields": {
      "user": 1,
      "name": "[03]Red--",
      "red": 173,
      "green": 51,
      "blue": 51,
      "alpha": 0.0
    }
  },
  {
    "model": "plan_visual_django.color",
    "pk": 4,
    "fields": {
      "user": 1,
      "name": "[04]Red+",
      "red": 255,
      "green": 116,
      "blue": 116,
      "alpha": 0.0
    }
  },
  {
    "model": "plan_visual_django.color",
    "pk": 5,
    "fields": {
      "user": 1,
      "name": "[05]Red++",
      "red": 251,
      "green": 188,
      "blue": 188,
      "alpha": 1.0
    }
  },
  {
    "model": "plan_visual_django.color",
    "pk": 6,
    "fields": {
      "user": 1,
      "name": "[06]Amber",
      "red": 255,
      "green": 186,
      "blue": 0,
      "alpha": 1.0
    }
  },
  {
    "model": "plan_visual_django.color",
    "pk": 7,
    "fields": {
      "user": 1,
      "name": "[07]Amber-",
      "red": 236,
      "green": 173,
      "blue": 3,
      "alpha": 1.0
    }
  },
  {
    "model": "plan_visual_django.color",
    "pk": 8,
    "fields": {
      "user": 1,
      "name": "[08]Amber--",
      "red": 184,
      "green": 135,
      "blue": 0,
      "alpha": 1.0
    }
  },
  {
    "model": "plan_visual_django.color",
    "pk": 9,
    "fields": {
      "user": 1,
      "name": "[09]Amber+",
      "red": 253,
      "green": 203,
      "blue": 67,
      "alpha": 1.0
    }
  },
  {
    "model": "plan_visual_django.color",
    "pk": 10,
    "fields": {
      "user": 1,
      "name": "[10]Amber++",
      "red": 251,
      "green": 222,
      "blue": 141,
      "alpha": 1.0
    }
  },
  {
    "model": "plan_visual_django.color",
    "pk": 11,
    "fields": {
      "user": 1,
      "name": "[11]Green",
      "red": 49,
      "green": 250,
      "blue": 0,
      "alpha": 1.0
    }
  },
  {
    "model": "plan_visual_django.color",
    "pk": 12,
    "fields": {
      "user": 1,
      "name": "[12]Green-",
      "red": 43,
      "green": 204,
      "blue": 0,
      "alpha": 1.0
    }
  },
  {
    "model": "plan_visual_django.color",
    "pk": 13,
    "fields": {
      "user": 1,
      "name": "[13]Green--",
      "red": 25,
      "green": 135,
      "blue": 2,
      "alpha": 1.0
    }
  },
  {
    "model": "plan_visual_django.color",
    "pk": 14,
    "fields": {
      "user": 1,
      "name": "[14]Green+",
      "red": 135,
      "green": 255,
      "blue": 112,
      "alpha": 0.0
    }
  },
  {
    "model": "plan_visual_django.color",
    "pk": 15,
    "fields": {
      "user": 1,
      "name": "[15]Green++",
      "red": 132,
      "green": 255,
      "blue": 156,
      "alpha": 0.0
    }
  },
  {
    "model": "plan_visual_django.color",
    "pk": 16,
    "fields": {
      "user": 1,
      "name": "[16]Blue",
      "red": 0,
      "green": 122,
      "blue": 255,
      "alpha": 0.0
    }
  },
  {
    "model": "plan_visual_django.color",
    "pk": 17,
    "fields": {
      "user": 1,
      "name": "[17]Blue-",
      "red": 0,
      "green": 89,
      "blue": 184,
      "alpha": 0.0
    }
  },
  {
    "model": "plan_visual_django.color",
    "pk": 18,
    "fields": {
      "user": 1,
      "name": "[18]Blue--",
      "red": 0,
      "green": 74,
      "blue": 153,
      "alpha": 0.0
    }
  },
  {
    "model": "plan_visual_django.color",
    "pk": 19,
    "fields": {
      "user": 1,
      "name": "[19]Blue+",
      "red": 61,
      "green": 154,
      "blue": 255,
      "alpha": 0.0
    }
  },
  {
    "model": "plan_visual_django.color",
    "pk": 20,
    "fields": {
      "user": 1,
      "name": "[20]Blue++",
      "red": 112,
      "green": 230,
      "blue": 255,
      "alpha": 0.0
    }
  },
  {
    "model": "plan_visual_django.color",
    "pk": 21,
    "fields": {
      "user": 1,
      "name": "[21]Grey",
      "red": 186,
      "green": 186,
      "blue": 186,
      "alpha": 0.0
    }
  },
  {
    "model": "plan_visual_django.color",
    "pk": 22,
    "fields": {
      "user": 1,
      "name": "[22]Grey-",
      "red": 130,
      "green": 130,
      "blue": 130,
      "alpha": 0.0
    }
  },
  {
    "model": "plan_visual_django.color",
    "pk": 23,
    "fields": {
      "user": 1,
      "name": "[23]Grey--",
      "red": 64,
      "green": 64,
      "blue": 64,
      "alpha": 0.0
    }
  },
  {
    "model": "plan_visual_django.color",
    "pk": 24,
    "fields": {
      "user": 1,
      "name": "[24]Grey+",
      "red": 214,
      "green": 214,
      "blue": 214,
      "alpha": 0.0
    }
  },
  {
    "model": "plan_visual_django.color",
    "pk": 25,
    "fields": {
      "user": 1,
      "name": "[25]Grey++",
      "red": 235,
      "green": 234,
      "blue": 234,
      "alpha": 0.0
    }
  },
  {
    "model": "plan_visual_django.color",
    "pk": 26,
    "fields": {
      "user": 1,
      "name": "[00]White",
      "red": 255,
      "green": 255,
      "blue": 255,
      "alpha": 0.0
    }
  },
  {
    "model": "plan_visual_django.color",
    "pk": 27,
    "fields": {
      "user": 1,
      "name": "[00]Black",
      "red": 0,
      "green": 0,
      "blue": 0,
      "alpha": 0.0
    }
  },
  {
    "model": "plan_visual_django.font",
    "pk": 1,
    "fields": {
      "font_name": "1"
    }
  },
  {
    "model": "plan_visual_django.plotablestyle",
    "pk": 1,
    "fields": {
      "user": 1,
      "style_name": "[01]Milestone Default 1",
      "fill_color": 1,
      "line_color": 2,
      "font_color": 21,
      "line_thickness": 3,
      "font": 1,
      "font_size": 10
    }
  },
  {
    "model": "plan_visual_django.plotablestyle",
    "pk": 2,
    "fields": {
      "user": 1,
      "style_name": "[02]Milestone Default 2",
      "fill_color": 16,
      "line_color": 17,
      "font_color": 21,
      "line_thickness": 3,
      "font": 1,
      "font_size": 10
    }
  },
  {
    "model": "plan_visual_django.plotablestyle",
    "pk": 3,
    "fields": {
      "user": 1,
      "style_name": "[03]Activity Default 1",
      "fill_color": 6,
      "line_color": 7,
      "font_color": 21,
      "line_thickness": 3,
      "font": 1,
      "font_size": 10
    }
  },
  {
    "model": "plan_visual_django.plotablestyle",
    "pk": 4,
    "fields": {
      "user": 1,
      "style_name": "[04]Activity Default 2",
      "fill_color": 11,
      "line_color": 12,
      "font_color": 21,
      "line_thickness": 3,
      "font": 1,
      "font_size": 15
    }
  },
  {
    "model": "plan_visual_django.plotablestyle",
    "pk": 5,
    "fields": {
      "user": 1,
      "style_name": "[05]Swimlane-odd Default 1",
      "fill_color": 25,
      "line_color": 25,
      "font_color": 23,
      "line_thickness": 3,
      "font": 1,
      "font_size": 10
    }
  },
  {
    "model": "plan_visual_django.plotablestyle",
    "pk": 6,
    "fields": {
      "user": 1,
      "style_name": "[06]Swimlane-even Default 1",
      "fill_color": 24,
      "line_color": 24,
      "font_color": 23,
      "line_thickness": 3,
      "font": 1,
      "font_size": 10
    }
  },
  {
    "model": "plan_visual_django.plotableshapetype",
    "pk": 1,
    "fields": {
      "name": "RECTANGLE_BASED"
    }
  },
  {
    "model": "plan_visual_django.plotableshape",
    "pk": 1,
    "fields": {
      "shape_type": 1,
      "name": "RECTANGLE"
    }
  },
  {
    "model": "plan_visual_django.plotableshape",
    "pk": 2,
    "fields": {
      "shape_type": 1,
      "name": "DIAMOND"
    }
  },
  {
    "model": "plan_visual_django.planvisual",
    "pk": 4,
    "fields": {
      "plan": 2,
      "name": "Visual 01:01",
      "width": 1000.0,
      "max_height": 600.0,
      "include_title": true,
      "track_height": 20.0,
      "track_gap": 4.0,
      "milestone_width": 10.0,
      "swimlane_gap": 5.0,
      "default_milestone_shape": 2,
      "default_activity_shape": 1,
      "default_activity_plotable_style": 3,
      "default_milestone_plotable_style": 1,
      "default_swimlane_plotable_style": 5
    }
  },
  {
    "model": "plan_visual_django.swimlaneforvisual",
    "pk": 4,
    "fields": {
      "plan_visual": 4,
      "swim_lane_name": "Visual 01:01, Swimlane 1",
      "plotable_style": 5,
      "sequence_number": 1
    }
  },
  {
    "model": "plan_visual_django.swimlaneforvisual",
    "pk": 5,
    "fields": {
      "plan_visual": 4,
      "swim_lane_name": "Visual 01:01, Swimlane 2",
      "plotable_style": 5,
      "sequence_number": 2
    }
  },
  {
    "model": "plan_visual_django.timelineforvisual",
    "pk": 4,
    "fields": {
      "plan_visual": 4,
      "timeline_type":"MONTHS",
      "timeline_name": "Timeline 1",
      "timeline_height": 25,
      "plotable_style": 5,
      "sequence_number": 1
    }
  },
  {
    "model": "plan_visual_django.timelineforvisual",
    "pk": 5,
    "fields": {
      "plan_visual": 4,
      "timeline_type":"QUARTERS",
      "timeline_name": "Timeline 2",
      "timeline_height": 15,
      "plotable_style": 5,
      "sequence_number": 2
    }
  },
  {
    "model": "plan_visual_django.visualactivity",
    "pk": 1,
    "fields": {
      "visual": 4,
      "unique_id_from_plan": "ID-026",
      "enabled":  true,
      "swimlane": 4,
      "plotable_shape": 1,
      "vertical_positioning_type": "TRACK",
      "vertical_positioning_value": 5,
      "height_in_tracks": 1,
      "text_horizontal_alignment":  "LEFT",
      "text_vertical_alignment": "MIDDLE",
      "text_flow": "LFLOW",
      "plotable_style": 4
    }
  },  {
    "model": "plan_visual_django.visualactivity",
    "pk": 2,
    "fields": {
      "visual": 4,
      "unique_id_from_plan": "ID-025",
      "enabled":  true,
      "swimlane": 5,
      "plotable_shape": 1,
      "vertical_positioning_type": "TRACK",
      "vertical_positioning_value": 2,
      "height_in_tracks": 1,
      "text_horizontal_alignment":  "LEFT",
      "text_vertical_alignment": "MIDDLE",
      "text_flow": "LFLOW",
      "plotable_style": 4
    }
  },
  {
    "model": "plan_visual_django.visualactivity",
    "pk": 3,
    "fields": {
      "visual": 4,
      "unique_id_from_plan": "ID-024",
      "enabled":  true,
      "swimlane": 5,
      "plotable_shape": 1,
      "vertical_positioning_type": "TRACK",
      "vertical_positioning_value": 10,
      "height_in_tracks": 1,
      "text_horizontal_alignment":  "LEFT",
      "text_vertical_alignment": "MIDDLE",
      "text_flow": "LFLOW",
      "plotable_style": 4
    }
  }
]